波长（nm）,R_湿裸土,R_灌木,R_水泥砖,R_枯叶,R_草地,R_水体(90),R_水体(45)
350,0.034291081,0.019771981,0.103037478,0.071671396,0.022815909,0.077574497,0.226222695
351,0.038106324,0.017674177,0.102409817,0.068596353,0.019020557,0.074564923,0.22642032
352,0.037594441,0.016059729,0.102922966,0.068421762,0.015496001,0.07432087,0.224849689
353,0.035864985,0.015868225,0.104937128,0.070477332,0.013787848,0.075714453,0.224100022
354,0.04040938,0.020942089,0.110777679,0.074831931,0.019733081,0.076995566,0.231844794
355,0.040556232,0.021197145,0.112060332,0.075383017,0.020852298,0.080941348,0.236945524
356,0.040593344,0.02067502,0.111774327,0.075545565,0.021060366,0.083224981,0.240170234
357,0.043579796,0.021954701,0.111374782,0.077599914,0.022793284,0.079965602,0.241321242
358,0.041797556,0.019988665,0.10864925,0.076438359,0.021977676,0.078916452,0.233436231
359,0.040011058,0.018384275,0.106450326,0.074654119,0.020108384,0.077907745,0.228029127
360,0.039014758,0.017773994,0.105264341,0.072678307,0.017475123,0.076570841,0.226948063
361,0.037274505,0.019676551,0.10583748,0.07248985,0.019350454,0.076468151,0.218951951
362,0.035179504,0.018201287,0.10251268,0.069513063,0.018941456,0.073700472,0.211527183
363,0.03368484,0.015152386,0.09783384,0.065651503,0.017466693,0.069732368,0.205353224
364,0.036602873,0.015746876,0.099876297,0.067006109,0.018511225,0.068879119,0.20370644
365,0.035663069,0.017287778,0.100193006,0.067803884,0.018659874,0.070096692,0.20625617
366,0.034831516,0.018363257,0.100913692,0.068952252,0.018701823,0.071971617,0.210148721
367,0.037478085,0.017617929,0.104146652,0.07148469,0.01926106,0.073783396,0.214025988
368,0.038599639,0.017197797,0.105820408,0.072647471,0.018062173,0.075128455,0.216384286
369,0.038886172,0.017684325,0.10829888,0.074598661,0.018082563,0.07644409,0.21968329
370,0.038595093,0.019402144,0.112778852,0.078299622,0.020169945,0.078259114,0.225766881
371,0.039643789,0.019383914,0.113864558,0.077558286,0.019493935,0.078734708,0.228911637
372,0.041588399,0.019376478,0.114966809,0.079165025,0.020218353,0.080038319,0.231684202
373,0.043545866,0.019175461,0.115451734,0.081799211,0.021732653,0.081068762,0.23263335
374,0.040995104,0.017643719,0.11149372,0.078994024,0.021251372,0.076012996,0.222945088
375,0.038660939,0.015552665,0.10727088,0.075721243,0.019989962,0.072227689,0.214529673
376,0.037652228,0.01506866,0.105027772,0.073775615,0.019604231,0.070570667,0.209467468
377,0.039924319,0.019428301,0.108370229,0.075878524,0.022393037,0.073198496,0.212002884
378,0.03946746,0.019062858,0.110406793,0.078405166,0.021907888,0.073328724,0.214575419
379,0.040594022,0.019224457,0.113951531,0.080643739,0.022628655,0.075592092,0.220704235
380,0.044363331,0.021187426,0.119112073,0.081749891,0.025728353,0.080959949,0.230158101
381,0.043349188,0.021698726,0.120961397,0.086630494,0.024502629,0.081827304,0.235400878
382,0.042312072,0.020358054,0.121435636,0.087835903,0.022887554,0.080947119,0.234213999
383,0.041989302,0.018272113,0.120928328,0.086481407,0.021707952,0.079453455,0.228905231
384,0.045342916,0.020871296,0.117717924,0.086027506,0.024895129,0.081153626,0.224839243
385,0.044227833,0.020784686,0.11515181,0.08362421,0.02489403,0.079373082,0.218618843
386,0.04038532,0.019515653,0.11160691,0.080189917,0.023135986,0.075907633,0.210480622
387,0.034577748,0.018266979,0.104620432,0.076265164,0.020476727,0.072049684,0.199633875
388,0.037768585,0.018398606,0.105117794,0.077611758,0.022788517,0.071044356,0.198855082
389,0.039965678,0.018166347,0.107966846,0.079435424,0.024294253,0.070285463,0.201032199
390,0.038734975,0.017146457,0.112503485,0.080856069,0.023571111,0.069364672,0.20536782
391,0.038951679,0.016925081,0.114755748,0.081524813,0.023240171,0.071519361,0.216061501
392,0.039699668,0.01744302,0.116876163,0.083985663,0.023941498,0.073492089,0.219308991
393,0.040935852,0.018443693,0.118096104,0.087183626,0.025370852,0.074894441,0.216277632
394,0.043114661,0.018910593,0.114555251,0.086161317,0.026452373,0.074337549,0.213893225
395,0.041818456,0.01855667,0.109862088,0.082644352,0.023641487,0.071415701,0.205683223
396,0.038403419,0.017534398,0.104682593,0.077639714,0.02039835,0.06695012,0.194353693
397,0.033160498,0.015620104,0.099063289,0.07118097,0.020121672,0.060805134,0.180608698
398,0.03350002,0.014607655,0.097422353,0.070905145,0.020442381,0.059591813,0.174526412
399,0.034510505,0.014810061,0.097236955,0.072398721,0.020563303,0.059815521,0.173450884
400,0.035413303,0.016448039,0.098888772,0.075367857,0.020508526,0.061265457,0.178460478
401,0.035850401,0.015971957,0.102435297,0.076905289,0.020350626,0.062642443,0.18475159
402,0.037469429,0.017130294,0.107534702,0.080730046,0.021438541,0.065599676,0.193017534
403,0.039991343,0.019416942,0.113220325,0.085839518,0.023422186,0.069454921,0.201774655
404,0.043641139,0.021344524,0.117391716,0.089599085,0.025851269,0.072949274,0.207693222
405,0.043058036,0.02096355,0.118610342,0.091167372,0.026619941,0.07364718,0.209214362
406,0.041604979,0.019928993,0.118385004,0.09134928,0.026555032,0.072948477,0.208436489
407,0.042852147,0.019853227,0.117324937,0.090021544,0.02610088,0.071539662,0.205811041
408,0.042566366,0.020452667,0.117095144,0.090163614,0.025515125,0.07054961,0.203675771
409,0.042288,0.020763466,0.116716534,0.09033305,0.025396202,0.069888093,0.202383616
410,0.042437647,0.020417148,0.115702116,0.089975628,0.025967895,0.069494259,0.201882344
411,0.041688469,0.02094457,0.115611299,0.091045785,0.025942862,0.069626456,0.200670678
412,0.041423917,0.021041097,0.115824746,0.092273868,0.026060052,0.069143092,0.200580282
413,0.041486568,0.020826426,0.116342066,0.093479364,0.026298354,0.068376867,0.201424632
414,0.040620166,0.021168751,0.117280033,0.093637592,0.026311028,0.069488395,0.201695147
415,0.041841744,0.021827662,0.118651961,0.094657428,0.026606062,0.070360388,0.202680445
416,0.043569749,0.022458708,0.120466701,0.096491245,0.027032959,0.070902687,0.204795034
417,0.043248365,0.02221137,0.121101602,0.098052867,0.027030733,0.069593652,0.20597668
418,0.044585123,0.023003528,0.121210978,0.098901808,0.027674927,0.070601777,0.206298323
419,0.044681961,0.023423655,0.120743473,0.099190999,0.027681079,0.071301879,0.205865537
420,0.042309089,0.02291595,0.119617972,0.098908909,0.026488748,0.070759987,0.204645226
421,0.043614822,0.022775935,0.120803408,0.09970831,0.027476767,0.071401107,0.20541354
422,0.044649944,0.02278472,0.121628261,0.100699111,0.027780692,0.071429443,0.205956016
423,0.045036807,0.022872455,0.121890583,0.101632673,0.027373589,0.070844135,0.205941355
424,0.043277736,0.022714086,0.121222775,0.101324388,0.026994314,0.070365811,0.204296552
425,0.043190537,0.022878271,0.121743189,0.101943805,0.027068443,0.070456287,0.20417139
426,0.043694089,0.023002912,0.122976332,0.103076051,0.027214347,0.070664658,0.205143996
427,0.043284221,0.022397075,0.124343706,0.104122038,0.026786747,0.070140266,0.206758063
428,0.044579318,0.022978372,0.125474228,0.105398759,0.027124378,0.071099241,0.207696033
429,0.045056689,0.023575677,0.125398295,0.105715515,0.027718291,0.071674687,0.206791523
430,0.043245356,0.023612762,0.12312205,0.104075619,0.028354361,0.070784911,0.202643581
431,0.04247888,0.022499129,0.118541931,0.100256953,0.026624213,0.067699205,0.195134224
432,0.042142474,0.021673784,0.115834245,0.098271204,0.025690292,0.065644069,0.190309466
433,0.041760563,0.021048861,0.114201409,0.097418495,0.02544382,0.064220714,0.186762661
434,0.041312385,0.020885428,0.114613355,0.097931523,0.025095784,0.063720587,0.185924114
435,0.041491675,0.021577177,0.116687365,0.099755856,0.025450637,0.064723872,0.188533935
436,0.041950053,0.022447437,0.11903374,0.1017556,0.026017762,0.06611988,0.191974193
437,0.042537016,0.022547445,0.120153768,0.102670266,0.026229066,0.066610912,0.193395079
438,0.043141027,0.022445155,0.120675488,0.103337978,0.026439094,0.066748421,0.193635691
439,0.043350462,0.022399305,0.120554431,0.103493855,0.026625932,0.06656436,0.19296395
440,0.043049032,0.022645795,0.120099069,0.103297518,0.026892453,0.066259632,0.192053973
441,0.042957251,0.022280255,0.118862077,0.102121573,0.026284516,0.065224949,0.189316039
442,0.043014621,0.022182409,0.118752394,0.102171789,0.025981395,0.064849506,0.188653334
443,0.043221186,0.022383903,0.119697621,0.103377516,0.026045023,0.065183909,0.189955829
444,0.044749704,0.022813871,0.121518668,0.104750231,0.026554787,0.066902169,0.19203621
445,0.045388828,0.023230389,0.122264171,0.105499242,0.02700056,0.067444956,0.193442058
446,0.045216551,0.023417792,0.122192216,0.105587081,0.027209414,0.067141046,0.193694552
447,0.043725289,0.022682706,0.121009993,0.104236138,0.026568009,0.065969598,0.19044919
448,0.043154056,0.022467667,0.120405451,0.103661934,0.026233453,0.065235889,0.188784346
449,0.043278602,0.022657362,0.120430408,0.103761944,0.026350254,0.065110312,0.188685127
450,0.044225501,0.023334487,0.121385358,0.104748499,0.027159904,0.065915008,0.190799999
451,0.044733484,0.023461385,0.122823477,0.106253469,0.027335577,0.066341191,0.192338806
452,0.045257575,0.023743184,0.124172577,0.107618817,0.027732065,0.066994061,0.194170173
453,0.045830736,0.024228449,0.125361202,0.108773891,0.028404383,0.067897939,0.196323571
454,0.04586065,0.024121809,0.125345053,0.109056848,0.028340053,0.068010076,0.195829262
455,0.045456913,0.024016888,0.124590661,0.10843021,0.028160499,0.067572839,0.194324884
456,0.045068005,0.024064332,0.124074603,0.107987042,0.028065317,0.067181082,0.193259203
457,0.045156741,0.024374794,0.124545676,0.108946379,0.028182923,0.067409877,0.193596672
458,0.04525985,0.024311724,0.125134444,0.109381476,0.028270911,0.067446187,0.194193193
459,0.045424088,0.024279033,0.125539314,0.109763575,0.02844779,0.067586984,0.194518618
460,0.045785196,0.024593759,0.125728739,0.110579209,0.028883538,0.06818912,0.19443372
461,0.045785406,0.024478425,0.125454121,0.110705192,0.028426104,0.067595895,0.193389465
462,0.045962554,0.024322886,0.125680676,0.111092642,0.028089178,0.06733215,0.193200231
463,0.046339019,0.024166179,0.126461963,0.111790406,0.027992653,0.067533479,0.193948789
464,0.045904726,0.024074819,0.126571338,0.112127626,0.027920131,0.067116593,0.193406004
465,0.046344283,0.024370269,0.126913448,0.112851217,0.028327226,0.067396602,0.193795468
466,0.047254849,0.024817307,0.127828295,0.114204927,0.029084349,0.068176761,0.195333935
467,0.046339857,0.024089356,0.127115246,0.114083572,0.02918892,0.067281421,0.193722561
468,0.046125677,0.024422283,0.127201863,0.114404024,0.02907866,0.067436133,0.19326804
469,0.046212923,0.024722604,0.127241891,0.114614265,0.028759595,0.067544968,0.192974631
470,0.046450363,0.024186123,0.126648232,0.114308174,0.028170429,0.066835343,0.192260269
471,0.046741105,0.024233069,0.126388585,0.114386536,0.028191002,0.066923692,0.19160578
472,0.046863427,0.024260875,0.126359623,0.11478148,0.028434399,0.066968747,0.191800428
473,0.046765018,0.024189591,0.126561323,0.115479525,0.028845616,0.066864443,0.192936337
474,0.046504797,0.024603425,0.127213646,0.115949996,0.0292633,0.067510806,0.19330391
475,0.046524983,0.024498574,0.127856971,0.116329188,0.028930127,0.067725076,0.193313633
476,0.046540932,0.024066103,0.127640729,0.115985596,0.028200322,0.06717235,0.192022669
477,0.047257663,0.024582403,0.127735328,0.116410954,0.029010885,0.066638651,0.192285898
478,0.047164079,0.024558748,0.127439722,0.116746875,0.029042047,0.066781528,0.191920596
479,0.046899649,0.024402226,0.127092467,0.116941392,0.02889781,0.066979793,0.191292514
480,0.046981669,0.024426036,0.127218302,0.117179745,0.029036437,0.066936376,0.191109161
481,0.047234943,0.024697766,0.128282061,0.118176413,0.029281661,0.067482621,0.19242696
482,0.047485464,0.024828806,0.12949598,0.119429618,0.029670624,0.068025932,0.194062119
483,0.047997463,0.024912407,0.131547035,0.12161652,0.030395175,0.068878192,0.197063904
484,0.048845142,0.025715875,0.132984024,0.123242963,0.030542122,0.069135474,0.199181135
485,0.0495079,0.025911897,0.133357264,0.124235647,0.030711716,0.069494753,0.199538547
486,0.04964338,0.025613477,0.132545643,0.124282931,0.030680408,0.069498656,0.198109344
487,0.047561864,0.024931163,0.129055112,0.12140897,0.029415042,0.066954512,0.193120393
488,0.04624061,0.024355513,0.127047531,0.119803894,0.028886515,0.065524137,0.189220839
489,0.04570184,0.024138772,0.126402191,0.119485391,0.028861211,0.065036232,0.187290876
490,0.046363156,0.024684022,0.127798277,0.121173461,0.029392939,0.065840819,0.189221256
491,0.047324716,0.02526478,0.128981786,0.123270035,0.029659646,0.066510487,0.191199309
492,0.048065825,0.025738708,0.129456318,0.124634289,0.029761399,0.066887915,0.191937805
493,0.048807508,0.026246381,0.129980626,0.125864412,0.029908415,0.067365162,0.192445335
494,0.047845009,0.025723779,0.129420779,0.126324427,0.029736109,0.066338336,0.191252736
495,0.047590842,0.02599653,0.129805254,0.127631348,0.030278272,0.066547682,0.191594859
496,0.047830858,0.026739474,0.130735148,0.129421462,0.031187031,0.067552107,0.192774231
497,0.048217173,0.027062628,0.131546649,0.131093847,0.031479669,0.06833153,0.193449857
498,0.048670331,0.027887436,0.132575081,0.13268947,0.031662827,0.068317493,0.19445247
499,0.0491439,0.028896734,0.133487242,0.134354842,0.031892994,0.068317136,0.195590496
500,0.049562447,0.029846378,0.133701959,0.136162724,0.032314797,0.069057624,0.196562798
501,0.049063986,0.029905044,0.133155891,0.136839075,0.032636707,0.06850075,0.196092583
502,0.048785377,0.029875834,0.132443321,0.137478982,0.033011627,0.067934726,0.19518084
503,0.049183035,0.030032052,0.132066774,0.138766299,0.033575131,0.067860063,0.194564145
504,0.048694476,0.030915762,0.131079278,0.138428253,0.033697441,0.067531612,0.192946701
505,0.048287011,0.031992383,0.130915142,0.139029001,0.034188442,0.067598891,0.19252683
506,0.048127055,0.033221396,0.131510872,0.140582511,0.03497727,0.068044548,0.19318611
507,0.048869441,0.034326192,0.132092835,0.142825694,0.035638167,0.068590577,0.193839091
508,0.048874655,0.035413382,0.132471201,0.143970254,0.035999366,0.068795292,0.194195768
509,0.048900025,0.036739352,0.132737814,0.144979535,0.036597727,0.068978619,0.194682789
510,0.049811323,0.038749426,0.132927574,0.146899056,0.038166814,0.069523663,0.195928902
511,0.049645872,0.040813585,0.133217494,0.148366141,0.039434865,0.070452183,0.196625177
512,0.049660534,0.042935802,0.133691273,0.150190632,0.040654115,0.071281893,0.197498749
513,0.050336085,0.045250995,0.134712716,0.152989387,0.041992234,0.072052755,0.199286714
514,0.050655431,0.047908892,0.135286627,0.154619021,0.043538605,0.072471362,0.200266766
515,0.05065017,0.050422493,0.135789718,0.156221718,0.045123127,0.072862754,0.20128888
516,0.050379744,0.052781552,0.135931236,0.157512592,0.046666661,0.073084866,0.201981836
517,0.05030481,0.05504624,0.134480337,0.157193357,0.047889473,0.072502327,0.200721745
518,0.049636932,0.057071943,0.132493308,0.156091489,0.048565465,0.071767891,0.198281737
519,0.048940829,0.059269447,0.131103695,0.155531684,0.04958578,0.071383583,0.196272009
520,0.048588816,0.061911182,0.131172435,0.156468288,0.051953563,0.07172331,0.195757948
521,0.04902889,0.065407077,0.131946087,0.158673196,0.054224073,0.072217506,0.197601728
522,0.049798779,0.069275336,0.132902435,0.160920974,0.056702872,0.072931109,0.199623672
523,0.051084064,0.073850342,0.134611166,0.163722043,0.059841792,0.074300118,0.202263384
524,0.050532472,0.07732903,0.135504043,0.165744517,0.062116027,0.07532278,0.203377132
525,0.050967307,0.080375046,0.135870242,0.16705091,0.064090888,0.075912246,0.203871275
526,0.052169914,0.083356263,0.136158734,0.168269501,0.066044588,0.07631588,0.204414092
527,0.050804525,0.085523072,0.134502424,0.167426936,0.067297269,0.075360014,0.201975826
528,0.050370626,0.088378825,0.133848674,0.167634723,0.068736903,0.074979678,0.201805972
529,0.050529903,0.091516428,0.133944058,0.168726882,0.070438777,0.075109506,0.202722071
530,0.051260001,0.094686388,0.135019065,0.171221292,0.072765962,0.076036314,0.204007747
531,0.051956516,0.09759021,0.136144854,0.173498035,0.075115732,0.076747136,0.20545051
532,0.052316693,0.09989767,0.136564315,0.174955972,0.077006774,0.077084562,0.206053755
533,0.052262086,0.101543785,0.136090608,0.175516234,0.078346001,0.077053897,0.205663818
534,0.052270828,0.10382639,0.136636449,0.176758455,0.079656833,0.077174474,0.20577935
535,0.052689882,0.105940604,0.137184883,0.1782243,0.081082929,0.077453428,0.206408162
536,0.053382971,0.107689925,0.137596043,0.179687195,0.082427467,0.077751531,0.207239424
537,0.053756948,0.108787391,0.138309607,0.181254072,0.082893516,0.077594429,0.20767742
538,0.054572657,0.110875709,0.139631102,0.183751259,0.084360922,0.078582033,0.209046654
539,0.055067352,0.11246124,0.1401509,0.185433519,0.085589205,0.079318268,0.209456725
540,0.054542976,0.112318526,0.138938155,0.185384893,0.08553518,0.078441892,0.207992263
541,0.05495168,0.112753623,0.13859891,0.185622368,0.085856089,0.078324298,0.206737094
542,0.055167403,0.113025046,0.138414306,0.185935485,0.085951072,0.077946122,0.205500875
543,0.054684805,0.112747378,0.138070351,0.186109791,0.085476855,0.076825652,0.204056668
544,0.054919401,0.113379095,0.1383796,0.187472169,0.086010427,0.077062013,0.204213633
545,0.055502949,0.114543713,0.139385508,0.18983275,0.086885049,0.077706841,0.205413397
546,0.055989572,0.115272984,0.139930608,0.191552997,0.087374139,0.078015076,0.20583175
547,0.056579107,0.115278488,0.139840847,0.192120829,0.08755735,0.0775196,0.204563827
548,0.056919782,0.115780923,0.13991885,0.193118929,0.088025804,0.077144222,0.204526609
549,0.057050954,0.11632517,0.140026302,0.194307276,0.088452347,0.076811657,0.204720257
550,0.056917112,0.116264789,0.140071478,0.195566898,0.088301441,0.076466481,0.203826506
551,0.05776643,0.11662753,0.140322102,0.196905426,0.088659541,0.076526682,0.20382989
552,0.058599241,0.117013759,0.140681848,0.198170076,0.088948198,0.076644306,0.203813164
553,0.059042072,0.117297902,0.141230864,0.199382749,0.088962941,0.076727695,0.20356356
554,0.060096083,0.117679653,0.142161816,0.201244724,0.089803537,0.076935852,0.203660032
555,0.060828207,0.117669005,0.14271419,0.203017064,0.090211013,0.076981281,0.203871706
556,0.061494634,0.117803784,0.143570311,0.205578731,0.090527427,0.077198567,0.205042909
557,0.061676895,0.116904533,0.143606392,0.206375048,0.089646868,0.076688356,0.203772715
558,0.062275488,0.115696401,0.143295879,0.206944716,0.088846931,0.075981523,0.202673158
559,0.063001728,0.114312819,0.142914697,0.207458087,0.088150781,0.075290974,0.201681012
560,0.063364638,0.112896105,0.142986702,0.208167387,0.087687409,0.075045369,0.200768087
561,0.063703553,0.111975531,0.143354767,0.209413627,0.086478648,0.074833913,0.200537995
562,0.064277177,0.110928827,0.143785033,0.210745937,0.085386581,0.074611167,0.20030826
563,0.065429861,0.10966272,0.144508126,0.212494596,0.08504108,0.074525609,0.200136317
564,0.066168438,0.108086005,0.144577705,0.213849052,0.084163613,0.074627995,0.199606808
565,0.066856871,0.106428984,0.144874776,0.215360887,0.083089905,0.074586194,0.19959581
566,0.067833786,0.105129682,0.14608682,0.217986543,0.082179815,0.074665095,0.20089815
567,0.068393611,0.103003808,0.146231645,0.218659728,0.080502364,0.073814823,0.199906932
568,0.068544901,0.100500549,0.145969255,0.219085088,0.078584435,0.073396926,0.198482445
569,0.068731571,0.097892258,0.145662514,0.219466083,0.076726861,0.073256914,0.197067004
570,0.06984996,0.095639767,0.145872401,0.219829201,0.075563392,0.073184126,0.196551938
571,0.070200454,0.093220078,0.145486072,0.220616137,0.073780443,0.072621023,0.195811462
572,0.07080579,0.090887717,0.14532611,0.221643839,0.072084894,0.07209274,0.195294644
573,0.072427268,0.088980646,0.146108994,0.223162194,0.070995174,0.072011162,0.195589199
574,0.072712397,0.08702676,0.14616961,0.224381936,0.07012278,0.071738083,0.195042603
575,0.073331313,0.085055464,0.146383953,0.225678273,0.069017481,0.071760286,0.194586524
576,0.074433164,0.083099483,0.146820941,0.227027198,0.067644165,0.072070602,0.194313427
577,0.074703178,0.081141717,0.146072828,0.22724728,0.066240876,0.071288059,0.193040208
578,0.075459101,0.079560308,0.146122296,0.228868518,0.065067883,0.071047733,0.193232378
579,0.075914465,0.077701536,0.145702937,0.229573486,0.063638386,0.070645384,0.19272802
580,0.076264998,0.076271067,0.145859601,0.230240115,0.06265681,0.070450163,0.191636039
581,0.077102635,0.075094534,0.146351978,0.231901509,0.06188452,0.070415119,0.19197887
582,0.077890226,0.073928215,0.146816107,0.233724192,0.061159097,0.070395064,0.192500078
583,0.078705444,0.072984763,0.147724431,0.236488045,0.060715726,0.070676089,0.193529536
584,0.080346444,0.07250198,0.149263338,0.239754907,0.061217264,0.071450975,0.195015269
585,0.081994553,0.072083452,0.15061359,0.2430134,0.061287399,0.071969536,0.196721009
586,0.083531274,0.071667726,0.151658371,0.246222664,0.060755829,0.072122862,0.198579496
587,0.083562322,0.071149173,0.152409868,0.247110603,0.060562892,0.072041983,0.197986471
588,0.083340687,0.0699209,0.151461648,0.24598448,0.059628177,0.071526912,0.19579355
589,0.082940305,0.068141502,0.149379452,0.243607838,0.058161939,0.070687768,0.192668241
590,0.082120294,0.065915069,0.147029837,0.240873388,0.056408461,0.069439101,0.189837135
591,0.083253833,0.065246259,0.147082686,0.241531756,0.05622469,0.069650703,0.189085677
592,0.084194887,0.064741925,0.147284075,0.242715043,0.056145448,0.069849535,0.188571713
593,0.083996302,0.064007437,0.147278337,0.244501084,0.055613135,0.06954793,0.188729768
594,0.084231452,0.063339382,0.14699711,0.245134736,0.055195059,0.069074882,0.188777411
595,0.084357869,0.062642143,0.146446338,0.245547559,0.05476211,0.06853567,0.187915218
596,0.084820004,0.062277159,0.146471969,0.247314941,0.054618522,0.068356001,0.187169872
597,0.085732149,0.061954351,0.146934738,0.248994384,0.054861497,0.068228186,0.187318522
598,0.086281937,0.061637062,0.147010466,0.250543032,0.054744405,0.067983518,0.186911189
599,0.086679437,0.061274391,0.147049661,0.252213372,0.054500979,0.067751337,0.186499075
600,0.086959016,0.060301035,0.147127927,0.253474468,0.054493403,0.06748194,0.186544901
601,0.087259704,0.059903838,0.146921459,0.254626262,0.053973162,0.066792273,0.185461255
602,0.087637917,0.0597234,0.146827905,0.255906819,0.053436852,0.066352482,0.184704315
603,0.088257969,0.059637739,0.147358208,0.257938372,0.053293584,0.066841972,0.185688221
604,0.088671462,0.059069022,0.147744905,0.259261964,0.053348462,0.066815279,0.185784945
605,0.088937362,0.058403093,0.147823162,0.260435256,0.053195549,0.066644501,0.185449187
606,0.089546402,0.058017822,0.148376975,0.263056595,0.053047624,0.066752423,0.185782846
607,0.08993881,0.05719065,0.148271312,0.263717303,0.05259656,0.066310629,0.185266195
608,0.090362983,0.056484516,0.148274313,0.264722966,0.052083197,0.065885016,0.184886007
609,0.090877417,0.055901465,0.148355028,0.266067582,0.051584484,0.065546274,0.184626203
610,0.091701146,0.055516837,0.148421124,0.267636663,0.051378824,0.065600738,0.184471271
611,0.091864368,0.054655037,0.148680799,0.268965305,0.050764963,0.065466426,0.183921573
612,0.09184633,0.053701549,0.148861234,0.270076768,0.050092501,0.065371412,0.183297431
613,0.092129811,0.053073015,0.148837788,0.271215461,0.049739388,0.065613335,0.183107235
614,0.092059924,0.052068015,0.148572134,0.272082358,0.048852272,0.06506116,0.182518407
615,0.092344806,0.05130749,0.148493159,0.273043701,0.048202545,0.064660051,0.182171995
616,0.093155447,0.050944502,0.148664504,0.274103447,0.047972111,0.064608633,0.182222874
617,0.093320816,0.050388208,0.149331803,0.275801656,0.048446005,0.065086138,0.18307058
618,0.093292617,0.049578358,0.149160668,0.276492731,0.047896615,0.064577688,0.182308326
619,0.093628266,0.048901603,0.149104659,0.277887856,0.046965083,0.063838072,0.18139329
620,0.09409807,0.048521417,0.14891916,0.279866619,0.046767245,0.064096808,0.181578129
621,0.094430434,0.047953656,0.14932133,0.280935876,0.046340247,0.064089129,0.181505792
622,0.094794466,0.047556296,0.150016773,0.282349242,0.046168486,0.064156323,0.181820602
623,0.09465445,0.047438095,0.14983589,0.283536526,0.046532002,0.064220822,0.182027252
624,0.095462143,0.047489676,0.150249767,0.284605411,0.046971025,0.064396026,0.182201571
625,0.095959695,0.047447605,0.150483395,0.285872781,0.046869093,0.06432224,0.182243772
626,0.096096561,0.047370057,0.150737195,0.288309081,0.046109356,0.064045701,0.182651282
627,0.096333304,0.047317496,0.15126189,0.289099817,0.046022209,0.063975139,0.182956824
628,0.096585372,0.04698104,0.151021106,0.289601696,0.046064856,0.064078803,0.182973777
629,0.096731369,0.046428809,0.150196624,0.289661602,0.04612373,0.064189439,0.182574204
630,0.096928124,0.046290201,0.150466444,0.290493276,0.045951729,0.064079896,0.18239086
631,0.097230371,0.04636911,0.15093604,0.291919494,0.046180365,0.064330933,0.182665054
632,0.097460691,0.04636035,0.151232163,0.293481849,0.046228428,0.064538267,0.182989025
633,0.097393228,0.045911803,0.150894461,0.294920096,0.045421326,0.064294044,0.183008153
634,0.098160974,0.045696594,0.151568315,0.29644586,0.046013844,0.064716403,0.18371424
635,0.098871914,0.045363627,0.152628792,0.298995231,0.046391317,0.065187321,0.184697641
636,0.098353014,0.044383312,0.152561507,0.30025089,0.045734465,0.064966254,0.184244088
637,0.099121712,0.04378914,0.152796368,0.301120192,0.045628841,0.065158947,0.185153267
638,0.099329823,0.043012161,0.152845939,0.301702919,0.044970126,0.065536211,0.185857713
639,0.099264987,0.042156328,0.152873831,0.302301629,0.044012684,0.066060182,0.186395599
640,0.099932831,0.041468591,0.152869991,0.302588822,0.043727736,0.066271708,0.18578807
641,0.099844776,0.040297325,0.152630641,0.303313777,0.043383041,0.066270952,0.186464182
642,0.099992464,0.039364911,0.152652665,0.304348761,0.043229866,0.066476214,0.187601018
643,0.101827977,0.039697546,0.154052533,0.306506914,0.043759318,0.067708378,0.189097066
644,0.101766753,0.038314892,0.154008472,0.306636014,0.041991163,0.067680348,0.18930834
645,0.101419286,0.036693221,0.153705468,0.306237668,0.040600546,0.067243003,0.188836699
646,0.101242548,0.035254552,0.153576873,0.305820453,0.040529262,0.066580801,0.187685918
647,0.100345639,0.034642061,0.152480451,0.304022693,0.04072168,0.066350888,0.186614821
648,0.100291159,0.033823218,0.152124543,0.303207364,0.04040568,0.066320827,0.186120439
649,0.100401411,0.032679724,0.151630113,0.302072175,0.039454386,0.066110979,0.185159897
650,0.100092806,0.031805384,0.150810307,0.303181087,0.038535774,0.06596039,0.184903691
651,0.100846739,0.03185589,0.151484316,0.305110074,0.038786346,0.06625447,0.185564628
652,0.102006894,0.032207714,0.152745566,0.307475332,0.039224199,0.066615361,0.18665209
653,0.102259974,0.031984416,0.152705429,0.308031969,0.038353447,0.066094763,0.186658427
654,0.101362533,0.031511261,0.151644926,0.306622769,0.03795629,0.065750622,0.185498447
655,0.100774429,0.031118902,0.150701116,0.305277149,0.037612719,0.065596576,0.184009877
656,0.100265952,0.03068027,0.149032585,0.302300426,0.036873225,0.065113765,0.180946432
657,0.100173357,0.02949068,0.148699321,0.302796808,0.036528427,0.063737649,0.179930034
658,0.100387417,0.028835183,0.148854114,0.304171815,0.036367277,0.062942684,0.179496486
659,0.101510432,0.028872138,0.1502742,0.307925829,0.036576601,0.063104303,0.180545924
660,0.102819033,0.029130507,0.151592335,0.309937461,0.03680446,0.063521239,0.180879058
661,0.103332199,0.028545389,0.151598578,0.310980751,0.036292185,0.063001338,0.180522077
662,0.103669603,0.02781675,0.151410336,0.311772296,0.035749336,0.062175568,0.179951196
663,0.104028146,0.027751658,0.151793195,0.311712854,0.036037505,0.061506806,0.178855191
664,0.103590539,0.027230047,0.150965242,0.311117755,0.035101915,0.060901456,0.177346502
665,0.103507243,0.026793824,0.150328489,0.311006263,0.034657148,0.06072414,0.176369828
666,0.104168067,0.026640221,0.150354545,0.311529897,0.035452076,0.061159029,0.176206573
667,0.103967663,0.025604213,0.150218388,0.311898689,0.034907092,0.060128779,0.17550539
668,0.104402841,0.025065101,0.150909091,0.313239178,0.034530726,0.059614216,0.175892407
669,0.104723671,0.024942172,0.151255583,0.313228132,0.034215974,0.059324842,0.175942813
670,0.10531161,0.025822451,0.151249736,0.313915708,0.035001188,0.060290803,0.175722524
671,0.10549612,0.026132632,0.151039893,0.314130204,0.035237057,0.060090338,0.175231012
672,0.105648864,0.026075182,0.150756205,0.314279761,0.035166211,0.059602402,0.174700567
673,0.106290383,0.025750239,0.150442305,0.314812131,0.035008627,0.060121126,0.174460891
674,0.10572117,0.025513337,0.150356223,0.315371893,0.034706626,0.059822849,0.174434587
675,0.105618132,0.025745176,0.150461726,0.316152144,0.034742144,0.059739113,0.174958121
676,0.106824215,0.02673755,0.150864408,0.31735866,0.035425604,0.060362362,0.176270176
677,0.107222099,0.027066841,0.150974979,0.318574204,0.035777304,0.060765878,0.176493353
678,0.10764836,0.027439202,0.151138112,0.320180749,0.036004851,0.060844363,0.176644781
679,0.10859895,0.027988639,0.151986174,0.323486669,0.036312951,0.060939292,0.17754351
680,0.109075439,0.028104664,0.151966851,0.324901151,0.03674636,0.061514829,0.178247608
681,0.109520896,0.028452052,0.152224971,0.326897125,0.037105387,0.062260789,0.178870851
682,0.110048792,0.029179479,0.152817039,0.329831182,0.037666506,0.063066381,0.17995665
683,0.1109623,0.030854379,0.154338632,0.335265367,0.039090032,0.063768986,0.183102261
684,0.110886349,0.032209946,0.154283357,0.336548469,0.039743586,0.064019663,0.183800031
685,0.11074016,0.033701257,0.15414283,0.337812002,0.040507726,0.064710196,0.184387209
686,0.109758187,0.035269357,0.153052171,0.337584134,0.041450907,0.065779832,0.184053168
687,0.109742947,0.037295109,0.152179744,0.336649288,0.042045928,0.066536774,0.184003416
688,0.109523736,0.039691805,0.151426882,0.336704902,0.042765613,0.066808975,0.183939259
689,0.108378286,0.04218565,0.1500228,0.335910199,0.043460306,0.066264552,0.182703791
690,0.1104992,0.046893611,0.153539706,0.343582104,0.046634445,0.068162635,0.186900285
691,0.111293367,0.051352916,0.154048319,0.34617518,0.049255968,0.069223896,0.188005174
692,0.111846784,0.056303675,0.154087284,0.348257148,0.051824598,0.070291371,0.188980091
693,0.11036289,0.061873415,0.153325453,0.347540643,0.053620138,0.070662485,0.189499001
694,0.11090477,0.068833558,0.153779427,0.349793067,0.056909748,0.071739922,0.190482929
695,0.111415586,0.076198156,0.154201452,0.351812208,0.060622374,0.072746657,0.191638075
696,0.112575581,0.084714946,0.156246493,0.357021848,0.065281693,0.074392166,0.195772899
697,0.112817448,0.09267946,0.156570682,0.359440733,0.069133,0.075120697,0.197854613
698,0.11265152,0.100913409,0.156579179,0.36059305,0.073256256,0.076035012,0.199151256
699,0.112065716,0.109685654,0.156343251,0.360515492,0.077828146,0.077180307,0.199650681
700,0.112656795,0.119926246,0.156750108,0.36157773,0.083494745,0.078226465,0.200864437
701,0.113466421,0.130858497,0.157199046,0.363190336,0.089523105,0.079177937,0.202802344
702,0.113837739,0.141424117,0.157179395,0.363890188,0.095237051,0.079852006,0.204011467
703,0.114271877,0.152002054,0.157851284,0.36590607,0.101000777,0.081101318,0.20474014
704,0.11454883,0.162377933,0.158369415,0.36736856,0.106741211,0.081690007,0.20591948
705,0.11501712,0.172742805,0.158851816,0.369139178,0.112700695,0.082309991,0.206896155
706,0.115653072,0.183028796,0.158906912,0.370721424,0.118953023,0.083125983,0.206736713
707,0.115836713,0.193727275,0.15936697,0.37215656,0.125414546,0.083672354,0.206887794
708,0.116110063,0.204190059,0.159606349,0.373175356,0.131649076,0.083445585,0.206385605
709,0.117338772,0.215860362,0.160629638,0.376354168,0.138614766,0.083052827,0.206676092
710,0.11770063,0.227125563,0.160878019,0.37847301,0.145882285,0.083319055,0.206140807
711,0.118387311,0.237775329,0.161055862,0.379937744,0.15304071,0.08361305,0.205328618
712,0.119692784,0.249287073,0.161998091,0.382865064,0.160895824,0.084038186,0.205315185
713,0.120969766,0.262653235,0.164040636,0.387746535,0.169646303,0.083585855,0.20617005
714,0.120975913,0.272544625,0.164093806,0.388152552,0.17653297,0.082916497,0.205238717
715,0.121928461,0.284420454,0.165177342,0.390727844,0.18533924,0.083187079,0.205490422
716,0.12181759,0.293381839,0.164448082,0.387915492,0.193337705,0.08279222,0.202079903
717,0.120147427,0.301270323,0.161627196,0.381820905,0.199178198,0.080342114,0.197621431
718,0.119513457,0.313158174,0.160208642,0.379510313,0.208288865,0.07863665,0.193880429
719,0.114875171,0.313366012,0.153500172,0.364697348,0.210555436,0.074566232,0.182261209
720,0.117270056,0.330009226,0.15689353,0.372290449,0.223701679,0.073970985,0.183493425
721,0.118288723,0.34183109,0.158342292,0.37574789,0.233458216,0.073474452,0.182256657
722,0.121006845,0.357974469,0.161937519,0.384343236,0.246360763,0.074500561,0.18374523
723,0.12148894,0.368822396,0.16264542,0.385303412,0.256298813,0.07362457,0.182867866
724,0.121476752,0.379353746,0.162196392,0.385460603,0.265213727,0.072391269,0.179946709
725,0.120205835,0.38638678,0.160128808,0.382015065,0.271873679,0.07010563,0.174852619
726,0.11928805,0.393344137,0.158986822,0.379662471,0.279691455,0.06754827,0.170903946
727,0.119901259,0.403788767,0.159758028,0.381924173,0.290586646,0.067155684,0.168847073
728,0.120660311,0.413782438,0.15978509,0.383535405,0.300396165,0.066164051,0.166564677
729,0.119700352,0.4170642,0.156689243,0.378776698,0.304236246,0.063274404,0.16155166
730,0.119823687,0.425325303,0.157408151,0.380270601,0.313893471,0.060924526,0.158542829
731,0.119974184,0.43340317,0.157327637,0.381675656,0.322479127,0.059210336,0.155835703
732,0.120123848,0.440499545,0.156879845,0.382869726,0.32973543,0.05794339,0.153329938
733,0.122379676,0.452296202,0.159376475,0.389551367,0.341344764,0.057739465,0.153381472
734,0.122788923,0.458740139,0.159699795,0.390793443,0.34871978,0.057169476,0.152005918
735,0.123419118,0.467553543,0.160679408,0.393933798,0.357706012,0.056573958,0.151407962
736,0.122187401,0.471879219,0.159959054,0.393579324,0.363146806,0.054412345,0.148779964
737,0.122845933,0.477832602,0.159974712,0.394791038,0.369345483,0.054319152,0.147769978
738,0.123547861,0.482797883,0.159991907,0.395604377,0.374985711,0.054110101,0.146857547
739,0.124518278,0.488494091,0.160588998,0.397541988,0.381693178,0.053690497,0.146531052
740,0.124770026,0.494732628,0.160770751,0.400151903,0.388526352,0.053654038,0.146324475
741,0.124511949,0.497011528,0.160111568,0.399517366,0.391779494,0.053207026,0.144856674
742,0.125836955,0.504117118,0.161406693,0.402911154,0.398793357,0.053395141,0.144861463
743,0.126244762,0.507976281,0.161852271,0.404410439,0.4041395,0.053608689,0.144348855
744,0.126391704,0.511667408,0.161894689,0.405195402,0.408050667,0.053614092,0.143967611
745,0.126682535,0.515878752,0.162128609,0.406615433,0.412410283,0.053625438,0.143819905
746,0.126880047,0.518910657,0.162453166,0.408256636,0.41698496,0.05356929,0.143445197
747,0.126810805,0.521175164,0.162408035,0.408836072,0.420005044,0.052965006,0.142923824
748,0.126908484,0.52388126,0.162636195,0.409863905,0.423189895,0.052757512,0.142712052
749,0.127050756,0.526437996,0.163005813,0.410960783,0.426036202,0.053111848,0.142703232
750,0.127479661,0.528174501,0.162738409,0.411526562,0.428252395,0.052132121,0.141569421
751,0.128120643,0.531839509,0.163108782,0.41383413,0.43222125,0.051768569,0.141631543
752,0.128097319,0.533646109,0.162960999,0.414837504,0.434548619,0.051631576,0.141685766
753,0.128292091,0.53561504,0.163256773,0.416491675,0.437379957,0.052107664,0.141675941
754,0.128896587,0.536741692,0.163327211,0.417379874,0.43909838,0.052309893,0.1416303
755,0.129376651,0.53706434,0.163310725,0.417542469,0.439892819,0.052276164,0.141385291
756,0.131538681,0.54599224,0.166388538,0.424382883,0.447899028,0.052888591,0.143382899
757,0.130487615,0.54356007,0.165489477,0.422938455,0.446007877,0.052386422,0.141789915
758,0.133685135,0.558967317,0.169872992,0.435112988,0.458871788,0.053801345,0.145127392
759,0.135195082,0.566962301,0.171951247,0.440715245,0.466200964,0.05494023,0.147231231
760,0.134662228,0.567995555,0.171198353,0.437728843,0.467520271,0.053964969,0.147341465
761,0.132126331,0.566193075,0.169132649,0.433479945,0.465495474,0.052891104,0.144520511
762,0.118263771,0.515408315,0.152662374,0.393361119,0.421575631,0.047687344,0.127952688
763,0.122265936,0.518982331,0.155074356,0.398078821,0.427497349,0.048651353,0.132405738
764,0.124825295,0.527334594,0.157907136,0.406149171,0.435371995,0.049938648,0.133868636
765,0.123027,0.519449718,0.155534507,0.401679007,0.429098665,0.0493359,0.130424465
766,0.125541371,0.526443598,0.15774012,0.409139377,0.435983039,0.049757741,0.132219491
767,0.125416429,0.527158334,0.158307062,0.411434214,0.437301326,0.049221123,0.132929498
768,0.126526397,0.53217416,0.160048406,0.417007828,0.441925094,0.049581166,0.134316138
769,0.128615335,0.53919966,0.162275389,0.424249179,0.448034317,0.050822875,0.135675242
770,0.128970191,0.539048694,0.162469562,0.424447391,0.448351373,0.050697336,0.135636238
771,0.129049599,0.539853406,0.16287195,0.425793979,0.449113962,0.050801777,0.135975563
772,0.129170795,0.541640972,0.163559671,0.428332149,0.450610732,0.051026187,0.136635233
773,0.130196666,0.541270168,0.163751229,0.42884189,0.451139152,0.050281131,0.136649808
774,0.129620654,0.541117192,0.163519031,0.429295063,0.45059802,0.05040788,0.13680855
775,0.129313237,0.543131801,0.163800078,0.431441857,0.45170217,0.050777772,0.137217791
776,0.129956108,0.54330521,0.163755408,0.432329147,0.452562825,0.049990352,0.136332635
777,0.129854584,0.543082856,0.163917784,0.432864992,0.453031995,0.050201219,0.136203235
778,0.129978894,0.543416442,0.164146978,0.43376791,0.453780117,0.050604405,0.13636929
779,0.130394716,0.543449107,0.164014199,0.434385597,0.453998348,0.050884465,0.136438143
780,0.129948051,0.543368202,0.163993074,0.434964856,0.453996252,0.050787419,0.13685266
781,0.129916019,0.543029421,0.16405479,0.435355885,0.453599059,0.050675781,0.136804259
782,0.130523098,0.543669867,0.164512328,0.436697362,0.45408503,0.050678589,0.136738853
783,0.13063862,0.54318534,0.16443703,0.437652393,0.45461544,0.050449927,0.136988035
784,0.13043812,0.5429439,0.16407243,0.438024928,0.454207973,0.050497641,0.13670805
785,0.130372199,0.543751195,0.164084855,0.439118412,0.454439042,0.050707972,0.136697005
786,0.130740132,0.545688168,0.165065772,0.441751603,0.456602972,0.050819311,0.137747236
787,0.130945233,0.546405513,0.165193205,0.442603644,0.457022754,0.051439976,0.138018973
788,0.131377301,0.547778341,0.165604833,0.44396418,0.457963152,0.052003847,0.138411086
789,0.13083224,0.545045299,0.165117918,0.442115775,0.45573416,0.051683725,0.137845118
790,0.129903951,0.544870322,0.164855553,0.442536078,0.45609119,0.051627441,0.136623237
791,0.129692003,0.543531576,0.164396654,0.441994005,0.455294607,0.051702012,0.136331762
792,0.130297916,0.542131356,0.164104116,0.441481222,0.454214004,0.052050123,0.137194915
793,0.12977511,0.542136217,0.164661721,0.442070857,0.454983082,0.05277846,0.137499784
794,0.129720235,0.541703962,0.16433888,0.442783329,0.45447656,0.052376533,0.137305164
795,0.130867037,0.545782312,0.165099527,0.447322021,0.457797611,0.051847291,0.138219823
796,0.129631977,0.54363376,0.164309279,0.445775441,0.456439425,0.05063993,0.137500995
797,0.128871432,0.541403316,0.16346935,0.444255824,0.454385968,0.050787043,0.136775153
798,0.128673894,0.539543332,0.162972668,0.443291586,0.452652977,0.051181373,0.136257357
799,0.130834101,0.545089142,0.165123685,0.448534398,0.45717325,0.052053407,0.137918238
800,0.130780033,0.546724982,0.166281052,0.450291865,0.458929965,0.052281476,0.138611151
801,0.130607572,0.547805159,0.166808657,0.452010392,0.460352266,0.052505603,0.139034117
802,0.129691879,0.545324679,0.165754821,0.451018994,0.458812396,0.052455789,0.138423398
803,0.129782617,0.544935042,0.164999097,0.450974065,0.458491382,0.052570854,0.138722602
804,0.129353495,0.542033228,0.164008675,0.449338075,0.456225298,0.052204399,0.137805607
805,0.128834849,0.538818933,0.163336218,0.447847408,0.4539818,0.051823433,0.136717283
806,0.128944055,0.539688488,0.164152802,0.449554824,0.454983875,0.052132561,0.136782275
807,0.128870571,0.541642538,0.164947013,0.452101024,0.456535518,0.052601315,0.137154537
808,0.129096987,0.544693487,0.165710434,0.455211167,0.458896737,0.052799366,0.137809066
809,0.128568445,0.543355983,0.164566477,0.453610088,0.457337018,0.051756783,0.137087273
810,0.128183628,0.542037344,0.164696716,0.453234984,0.456554979,0.051815226,0.136954207
811,0.128787042,0.543856131,0.165797035,0.455038069,0.458008877,0.052400782,0.138087024
812,0.130996819,0.551127838,0.168428503,0.46089641,0.463726137,0.053730981,0.141048254
813,0.132629924,0.555834578,0.170122615,0.465505742,0.46730514,0.054612601,0.141627692
814,0.135281002,0.566066041,0.172833248,0.474289363,0.475567473,0.054843736,0.144240128
815,0.133306992,0.559173275,0.170055109,0.468176248,0.469564634,0.052637175,0.141993125
816,0.130890865,0.554034276,0.168931613,0.463700795,0.465654368,0.051291566,0.137868023
817,0.13082304,0.554480568,0.169325518,0.464941131,0.466396081,0.051777842,0.13736304
818,0.128661148,0.544715742,0.166079463,0.457562532,0.458323408,0.050748366,0.134852702
819,0.125749366,0.53118804,0.161320845,0.446600267,0.44719932,0.047902911,0.131280963
820,0.12354349,0.520047835,0.158432089,0.43973328,0.437931823,0.048270643,0.128564033
821,0.128056269,0.53816114,0.164141033,0.456793282,0.453694223,0.050931405,0.132776927
822,0.134751221,0.566481239,0.172653863,0.481320876,0.478221272,0.053709075,0.138698214
823,0.134114339,0.566148265,0.173742012,0.480180279,0.478030263,0.051246956,0.137802335
824,0.124910788,0.528839238,0.16191346,0.44872772,0.446250302,0.046553819,0.12716934
825,0.123542634,0.523542031,0.159445659,0.445432322,0.442025576,0.045446037,0.124293722
826,0.12528989,0.533456795,0.163006986,0.456348534,0.450976396,0.045489316,0.124655933
827,0.129497693,0.549079379,0.168351562,0.470894879,0.465703958,0.046992007,0.129281526
828,0.130511516,0.552661825,0.169424648,0.474703895,0.469807772,0.046978649,0.13075934
829,0.127710207,0.545722128,0.165971036,0.469080193,0.463212764,0.04455925,0.127406139
830,0.128719722,0.541896187,0.166217346,0.466822872,0.460049718,0.045169499,0.127346741
831,0.129734228,0.543203775,0.167058016,0.469405911,0.461602869,0.044602908,0.127168606
832,0.12894645,0.543843063,0.166444765,0.471733219,0.462581723,0.042082904,0.125043715
833,0.128422215,0.543681157,0.166892841,0.472251498,0.462815191,0.041942553,0.123493161
834,0.127848574,0.539090699,0.16577219,0.468941661,0.459564849,0.041830974,0.122588176
835,0.128366234,0.53837619,0.16569861,0.469116697,0.459632706,0.042297765,0.123177155
836,0.127923376,0.540163296,0.166115355,0.470889682,0.459716152,0.043076354,0.122490757
837,0.127500751,0.54024802,0.166455634,0.472690139,0.461237262,0.042421695,0.122138887
838,0.127348822,0.539327183,0.166363674,0.4735452,0.46183382,0.04179446,0.121657596
839,0.128403016,0.54020738,0.166254636,0.475080727,0.462085176,0.042304108,0.121492492
840,0.128066887,0.539996525,0.166347797,0.476013141,0.462277111,0.042735274,0.122578212
841,0.128196393,0.540106754,0.166435303,0.47707636,0.462923234,0.042958414,0.122779945
842,0.128983024,0.541401595,0.166750619,0.479126491,0.464733287,0.043000132,0.122009112
843,0.128293534,0.542392356,0.166617105,0.479993037,0.465200378,0.041919814,0.121535823
844,0.128202808,0.54285688,0.166586521,0.480782626,0.465381949,0.041646794,0.121456576
845,0.127859291,0.540449346,0.165992797,0.479263694,0.463329705,0.041728677,0.121223927
846,0.127819113,0.539170803,0.166323362,0.479160077,0.462478441,0.042155067,0.122168678
847,0.127638301,0.537537148,0.165329499,0.478573067,0.461366988,0.041094614,0.120836567
848,0.128677331,0.541513729,0.166164847,0.48264833,0.465049816,0.040761989,0.120671648
849,0.129425502,0.545078723,0.168250378,0.486498673,0.468673705,0.042178107,0.121799043
850,0.128409599,0.546022939,0.16818951,0.488072425,0.469194121,0.041015742,0.121285622
851,0.125986603,0.538374103,0.165615135,0.481938951,0.462991434,0.039954474,0.118786651
852,0.126066269,0.537506857,0.165499751,0.482020029,0.4635438,0.040645763,0.117903489
853,0.129585847,0.546889544,0.168860443,0.491878248,0.471657778,0.04161487,0.12185689
854,0.133471955,0.560919747,0.172853509,0.504791796,0.483627533,0.042110701,0.12536241
855,0.129980359,0.547344576,0.168014969,0.492558403,0.471962669,0.0402053,0.121701866
856,0.126426708,0.536711706,0.165052279,0.483411513,0.462731352,0.03965432,0.118782251
857,0.125671627,0.53110859,0.163474288,0.479015771,0.458208359,0.03938475,0.117829919
858,0.127833978,0.536848555,0.165329578,0.484944137,0.463174529,0.040194421,0.119324377
859,0.128519241,0.540021456,0.166281905,0.48842914,0.465037825,0.041476991,0.119356188
860,0.12793123,0.540171298,0.166220373,0.489598287,0.46607212,0.040082213,0.119011281
861,0.126670693,0.53875011,0.165633028,0.489118787,0.465407797,0.03880504,0.118577576
862,0.124576414,0.534764866,0.164283234,0.485652855,0.461691646,0.0381325,0.11780479
863,0.125906269,0.536150717,0.165213689,0.488133505,0.463703235,0.039287947,0.118117076
864,0.125937813,0.538364753,0.165674298,0.490973842,0.465724236,0.038432984,0.117607819
865,0.126086587,0.543292164,0.166583059,0.496058053,0.469363768,0.036927464,0.117503965
866,0.130951573,0.552982339,0.170303096,0.505430556,0.47736823,0.040310418,0.121728669
867,0.130369604,0.550238004,0.169776192,0.502911845,0.475160709,0.040985564,0.121286376
868,0.127289929,0.539284484,0.166291968,0.492861519,0.4661087,0.040140978,0.11839122
869,0.126541345,0.533393437,0.16379422,0.488219683,0.461150785,0.039246458,0.116756298
870,0.126437392,0.531906167,0.164112364,0.488458645,0.460798543,0.038633859,0.116646883
871,0.126694109,0.53343898,0.165062915,0.490941037,0.462542661,0.038494135,0.116806464
872,0.126684275,0.535141793,0.165358817,0.493177467,0.463801974,0.038764032,0.116461131
873,0.126929583,0.537712012,0.165334543,0.494794874,0.466226908,0.039021144,0.117255766
874,0.127044312,0.538078509,0.165715752,0.496413176,0.466528046,0.038804453,0.116337765
875,0.126929311,0.53707358,0.166290218,0.498102931,0.465294425,0.038018978,0.114404805
876,0.125650848,0.535641149,0.165259466,0.496240847,0.464413455,0.035723821,0.114115264
877,0.126319417,0.534885062,0.165652198,0.49571326,0.464493917,0.036795126,0.115128831
878,0.127734343,0.53742721,0.166945005,0.498309381,0.467095885,0.038532461,0.1162751
879,0.126585558,0.537047483,0.165716061,0.497826099,0.466031806,0.037574408,0.11380773
880,0.126193306,0.535221659,0.165594072,0.49713477,0.465062108,0.037828925,0.114291113
881,0.126772273,0.536590298,0.166116024,0.499220185,0.466467595,0.037686578,0.11535448
882,0.127672,0.539313162,0.166277676,0.502112441,0.468480027,0.036362588,0.11572001
883,0.126279572,0.533718732,0.165720084,0.496885305,0.464027911,0.036423236,0.113675904
884,0.125729983,0.529868161,0.165086686,0.493907526,0.460799259,0.036611161,0.112659685
885,0.128259133,0.537615822,0.167579424,0.502643145,0.467979443,0.037557531,0.114914802
886,0.127853666,0.535879591,0.166510122,0.501641406,0.468024276,0.037404882,0.116343538
887,0.12811572,0.538668914,0.167461441,0.504437715,0.470960447,0.036239681,0.116146909
888,0.12693841,0.534405441,0.166451227,0.500701493,0.466847591,0.035105635,0.113986874
889,0.127160842,0.530843313,0.16530488,0.498300656,0.462812581,0.037040252,0.114071761
890,0.125696491,0.527940017,0.165244971,0.496476747,0.460517138,0.036419661,0.1130378
891,0.12489331,0.52762171,0.165153676,0.496624489,0.46063621,0.035728126,0.112425563
892,0.125239031,0.529163472,0.164107181,0.498210551,0.462763485,0.035556885,0.112338186
893,0.125215507,0.527413089,0.164727392,0.497490819,0.46088212,0.034180278,0.10981167
894,0.126529366,0.535366684,0.167261196,0.506115383,0.467311012,0.034170185,0.110533309
895,0.128164754,0.546289793,0.169791573,0.517696102,0.476387575,0.035330732,0.113353684
896,0.133969359,0.554573613,0.174382187,0.525814489,0.4850231,0.037685578,0.11719159
897,0.136567072,0.56500681,0.177450434,0.536183987,0.4943605,0.036262158,0.117877326
898,0.131584663,0.556414871,0.172723213,0.526744364,0.485420949,0.031822517,0.112760345
899,0.126055033,0.553969029,0.168799056,0.52102477,0.481868283,0.029995234,0.11136525
900,0.130884969,0.560786398,0.174144694,0.527785881,0.488289067,0.035745328,0.118925965
901,0.135847201,0.567581113,0.178763517,0.533922825,0.493859595,0.0406585,0.124605059
902,0.13326127,0.555117049,0.174144711,0.520898347,0.482276177,0.040152154,0.120303261
903,0.128690251,0.529543141,0.166305666,0.499320918,0.461931466,0.035042218,0.115240403
904,0.12124241,0.500654483,0.157040726,0.472300637,0.435781373,0.031834991,0.10639309
905,0.118676111,0.496607358,0.155185934,0.467825982,0.42999583,0.031869668,0.101705618
906,0.118759613,0.498307821,0.155451777,0.473440586,0.43235458,0.031905747,0.1057758
907,0.129131566,0.526418195,0.164758964,0.501973768,0.458655893,0.032515921,0.11286313
908,0.139151661,0.554625323,0.17418765,0.528576163,0.485157144,0.033143178,0.117338881
909,0.134598785,0.566229887,0.176757982,0.536388128,0.493855941,0.034980919,0.113138982
910,0.132888754,0.557479775,0.175517881,0.526224283,0.484240512,0.031035317,0.112597335
911,0.127449843,0.532494462,0.16728299,0.50353264,0.461509749,0.027071653,0.108610025
912,0.121547248,0.517412122,0.157893358,0.493829803,0.450062314,0.026881973,0.103384387
913,0.125426243,0.519490129,0.165281489,0.496065453,0.453128766,0.028298429,0.108401838
914,0.130893087,0.530535787,0.171272835,0.507231628,0.464042866,0.028594287,0.112676775
915,0.13266399,0.533915932,0.170363829,0.511345878,0.467616262,0.02732186,0.112529586
916,0.127969926,0.548195848,0.17415704,0.523538381,0.48110402,0.031209189,0.115583622
917,0.129660254,0.548752511,0.174260817,0.523809625,0.484057342,0.031585824,0.115886805
918,0.130784506,0.535735678,0.169682909,0.51264742,0.474180886,0.029829914,0.111601708
919,0.125279584,0.519499701,0.162617061,0.500468962,0.459279438,0.028151726,0.10272603
920,0.123347842,0.507098299,0.158055563,0.485965511,0.447717913,0.029175064,0.103006546
921,0.121371584,0.499311046,0.155867236,0.479565727,0.441276303,0.029499712,0.10198441
922,0.117157384,0.493976353,0.155418962,0.481855736,0.43811316,0.027793545,0.095515921
923,0.119841761,0.501853433,0.156583453,0.487844621,0.444298093,0.028044617,0.099106888
924,0.123448671,0.511446186,0.15894009,0.497670659,0.453554342,0.026078767,0.103227249
925,0.126216151,0.518455791,0.161380655,0.506423282,0.460876221,0.022529136,0.106358413
926,0.123979353,0.510246059,0.163730262,0.499817089,0.45155159,0.031252127,0.10721826
927,0.122879341,0.506829329,0.164783674,0.496588172,0.447148856,0.030644165,0.104901188
928,0.121150139,0.50609812,0.164597086,0.495370859,0.445607402,0.024220871,0.099625212
929,0.116920909,0.516176773,0.166662603,0.508924676,0.454698078,0.018983044,0.093119275
930,0.1262088,0.543097627,0.170966807,0.535112553,0.488860682,0.020969251,0.103667203
931,0.143501724,0.585233397,0.183185078,0.577510452,0.534341973,0.026093697,0.121309918
932,0.156808202,0.614298836,0.20445684,0.611620283,0.541936856,0.029406233,0.12757175
933,0.154357167,0.631441296,0.196154874,0.637059089,0.564023867,-0.002785658,0.143920978
934,0.152069697,0.623196405,0.185154548,0.619409626,0.564197312,-0.004060383,0.133128794
935,0.165978808,0.627709887,0.193061374,0.581547708,0.565558556,0.055064278,0.085990023
936,0.143834128,0.617645168,0.166507885,0.580123422,0.535526098,-0.00791554,0.06755335
937,0.119890141,0.593067833,0.153806333,0.540183048,0.489202409,-0.041987,0.081327976
938,0.102648664,0.541421914,0.144466179,0.478105975,0.430803263,-0.038438052,0.098476928
939,0.107805699,0.492167785,0.128461138,0.460082997,0.396788379,0.004844755,0.082586523
940,0.07917078,0.452863318,0.119784728,0.420888093,0.363748865,-0.007607097,0.049164177
941,0.065765683,0.420495512,0.113772204,0.394686998,0.343488793,-0.022181299,0.029105168
942,0.091592038,0.408872433,0.110897708,0.411230865,0.353211481,-0.020127097,0.039747204
943,0.091507859,0.442791739,0.136189337,0.421976774,0.376084256,-0.015618958,0.080346548
944,0.087805391,0.474238627,0.153368085,0.455343953,0.401316959,-0.023069202,0.105693334
945,0.077244782,0.461288205,0.145383877,0.480055892,0.396131417,-0.0414156,0.097212565
946,0.10111907,0.484827501,0.145984436,0.485863278,0.429921124,-0.00929613,0.040739747
947,0.097915023,0.475735027,0.137835134,0.472444045,0.41759416,-0.004001491,0.040406304
948,0.080971265,0.447656938,0.12758085,0.449299753,0.382166012,-0.023760462,0.056467778
949,0.07823042,0.425152387,0.12795095,0.423265283,0.375059688,-0.075634553,-0.005202312
950,0.065694323,0.404862651,0.126326781,0.418320723,0.376727779,-0.05510504,0.019769713
951,0.056872442,0.39177025,0.125024564,0.41973157,0.38249945,-0.022682028,0.05385973
952,0.055205496,0.384470261,0.122181943,0.414491984,0.38458895,-0.004718764,0.057448486
953,0.069076975,0.418558099,0.127420336,0.419440104,0.372803542,-0.005745364,0.041862773
954,0.078924665,0.437383552,0.128898809,0.440076201,0.38052352,-0.02104117,0.044848645
955,0.084178478,0.436557312,0.126399527,0.473831913,0.412841114,-0.043391536,0.069495954
956,0.114995761,0.452297712,0.161638838,0.485894462,0.424060607,0.030010851,0.111223501
957,0.109027259,0.431057626,0.152361259,0.466004021,0.415361271,0.015096671,0.088113747
958,0.089121197,0.396520168,0.127282163,0.443165148,0.398831638,-0.032765969,0.042512139
959,0.085587133,0.409197814,0.133247462,0.470923037,0.400148184,-0.019888004,0.054462744
960,0.09140316,0.420287137,0.141353339,0.475263679,0.404061108,0.001034038,0.08587261
961,0.094855606,0.422623343,0.142367774,0.468676084,0.40739329,0.014666329,0.09865624
962,0.089627088,0.417120793,0.133315396,0.459902357,0.408632873,0.011869305,0.069697292
963,0.105969085,0.41788431,0.134272437,0.463532261,0.404436605,-0.005793391,0.078198338
964,0.119583791,0.430299517,0.144572565,0.476482591,0.416805563,0.007876047,0.091358246
965,0.125127471,0.445366325,0.158353481,0.487556966,0.434137322,0.049173588,0.102276084
966,0.106196213,0.428741708,0.150804317,0.483959707,0.405405102,0.023206048,0.091324763
967,0.111598099,0.418782504,0.15121643,0.487462053,0.405719866,0.01814511,0.086436636
968,0.123502485,0.413891071,0.154001196,0.490446297,0.416130687,0.018607161,0.082964052
969,0.110511066,0.40404605,0.147893451,0.470039484,0.400508286,-0.001393111,0.06987764
970,0.109658264,0.411657098,0.145317264,0.465301392,0.399150347,0.008320077,0.079244871
971,0.113491818,0.418562415,0.147053569,0.470540156,0.405478142,0.020283075,0.09157701
972,0.116152651,0.403516537,0.150176916,0.476157152,0.408776914,0.021236215,0.096120817
973,0.123920337,0.406502649,0.15405765,0.481798395,0.416117703,0.022173149,0.090986959
974,0.126552389,0.423239222,0.160472711,0.493777228,0.430633975,0.02016871,0.094370078
975,0.118616739,0.439034148,0.164405766,0.499669767,0.436166286,0.014064116,0.105885439
976,0.124631957,0.443823875,0.163210632,0.508813334,0.437842924,0.019951774,0.109195564
977,0.114764605,0.444944331,0.159889893,0.513470705,0.434454017,0.017355412,0.104001608
978,0.099906271,0.439992061,0.15693319,0.513009935,0.429246481,0.009330037,0.095350288
979,0.120834253,0.442345678,0.169105656,0.52271175,0.447672153,0.005076311,0.106622131
980,0.123583328,0.444974646,0.164596979,0.51993719,0.447195464,0.006404409,0.104867424
981,0.121978215,0.441873187,0.157731907,0.511534763,0.439367639,0.013032421,0.102364537
982,0.126179354,0.434611029,0.160515746,0.511040024,0.43907669,0.026768262,0.10956397
983,0.116866291,0.433257471,0.159265197,0.511257265,0.434150936,0.016567942,0.099593514
984,0.116647822,0.433493614,0.15891303,0.508781155,0.43187919,0.013961326,0.098959012
985,0.127938328,0.431789191,0.160387594,0.502661044,0.430871421,0.02304995,0.110364829
986,0.129164382,0.427865175,0.163041603,0.499182333,0.430956245,0.021511308,0.100859882
987,0.129665081,0.429405867,0.163542065,0.503679342,0.430364761,0.023743136,0.101230178
988,0.128355818,0.433885254,0.162512002,0.512202089,0.429404363,0.025605262,0.106060449
989,0.120085009,0.432645665,0.159126779,0.510922154,0.428451969,0.01282037,0.101206783
990,0.114586735,0.4305455,0.156506236,0.509037437,0.432131064,0.014214136,0.104106389
991,0.114812812,0.433554141,0.158718917,0.51203743,0.441184981,0.01941669,0.110362747
992,0.123267266,0.440496305,0.167744745,0.514447442,0.446268841,0.021376507,0.114866259
993,0.120126894,0.435818332,0.161116634,0.516806932,0.445517576,0.019220154,0.10702272
994,0.120070791,0.435870562,0.157298902,0.519334422,0.445858179,0.022727973,0.101466719
995,0.125147123,0.440815136,0.159454585,0.520555482,0.445645204,0.034016268,0.101013787
996,0.122806157,0.442455804,0.163586647,0.518202311,0.448313395,0.018850716,0.097856981
997,0.120727149,0.443074101,0.160932501,0.521278777,0.444647572,0.011033436,0.092990622
998,0.11877962,0.44161101,0.154442808,0.526098491,0.438437259,0.009255493,0.088742271
999,0.117835118,0.441192095,0.157725371,0.523222238,0.450263399,0.011023317,0.096308661
1000,0.120946808,0.445802253,0.159652193,0.527523851,0.452338843,0.013437546,0.100185354
1001,0.125812856,0.448811514,0.160497343,0.529336887,0.447715734,0.018620776,0.101729038
1002,0.133258719,0.45080825,0.162497696,0.525609324,0.447046799,0.030822422,0.102088137
1003,0.120536201,0.455915322,0.16530844,0.526641433,0.45100864,0.023596598,0.10591921
1004,0.113523437,0.46122249,0.164972482,0.531070495,0.454049557,0.019865382,0.107733915
1005,0.120741026,0.468125384,0.160189791,0.540742073,0.457731744,0.026791594,0.106125379
1006,0.12646357,0.466113974,0.168907518,0.544715695,0.460264439,0.028726582,0.103465164
1007,0.124984075,0.463579037,0.167835655,0.541844606,0.458692286,0.024132819,0.104371743
1008,0.118843092,0.460025308,0.159182419,0.531435002,0.453386975,0.015179137,0.106237254
1009,0.11997816,0.455576824,0.157965314,0.527068052,0.457148426,0.013131352,0.093078858
1010,0.125146782,0.462830161,0.168075539,0.53140995,0.459957351,0.017755953,0.098465393
1011,0.128922971,0.470997236,0.174815199,0.536788557,0.460256016,0.021980649,0.105867728
1012,0.122091462,0.461443655,0.156361917,0.52572103,0.448537872,0.016583459,0.094754478
1013,0.128551992,0.468986093,0.165569345,0.533215041,0.462302977,0.022654041,0.097368895
1014,0.130495839,0.473381716,0.170672068,0.535290675,0.465449558,0.023473909,0.103682331
1015,0.121828075,0.470830357,0.161398808,0.524340499,0.44808295,0.013055004,0.111997547
1016,0.125835178,0.468352586,0.16595102,0.527909144,0.456694828,0.016800231,0.104156378
1017,0.120277958,0.459299973,0.162018426,0.529107186,0.448898039,0.013110411,0.092759775
1018,0.108049911,0.450598255,0.153557064,0.528733667,0.432030854,0.005817479,0.082897047
1019,0.111655394,0.463750564,0.167198793,0.533322777,0.449188892,0.021192983,0.105073669
1020,0.112656028,0.469516465,0.16644347,0.536059285,0.451565959,0.030697007,0.106914279
1021,0.114834761,0.473049136,0.161768159,0.53933084,0.451274513,0.035300401,0.102773486
1022,0.123711435,0.470360872,0.162547924,0.539521277,0.460886579,0.032654186,0.108764261
1023,0.100303256,0.45953275,0.153396724,0.528731143,0.454948795,0.015348499,0.096362414
1024,0.094421367,0.460225453,0.14869187,0.523293187,0.454775009,0.002688945,0.093079685
1025,0.126427833,0.477158341,0.153646707,0.524863591,0.463727225,0.002816063,0.108527088
1026,0.1128792,0.463699266,0.160300691,0.531889203,0.45726136,0.008777764,0.099711417
1027,0.112220908,0.458813033,0.16199447,0.535154552,0.450952132,0.005020983,0.09356366
1028,0.125093088,0.465911226,0.160993305,0.537570225,0.447473394,-0.003957582,0.091648564
1029,0.13344583,0.488411541,0.170654734,0.540465284,0.466700459,0.018417627,0.096545727
1030,0.120990835,0.484050356,0.1613675,0.541637921,0.461364361,0.012266808,0.096528633
1031,0.105553371,0.474064842,0.151907161,0.542775022,0.450041145,-0.002226373,0.094526464
1032,0.111988669,0.482156323,0.167700289,0.535488537,0.452766618,0.002058608,0.091974899
1033,0.106454131,0.483866572,0.159772154,0.531740685,0.447998049,0.014411359,0.082192182
1034,0.10221917,0.477983012,0.148467713,0.531573441,0.448832582,0.013192965,0.073904444
1035,0.103617244,0.461549375,0.138510765,0.527977293,0.452375935,-0.013669923,0.069167312
1036,0.089177114,0.463118767,0.150464952,0.517767297,0.446935266,0.004175379,0.07669402
1037,0.083171929,0.468896772,0.156819061,0.519026079,0.444752945,0.003597654,0.074141533
1038,0.083937531,0.473258809,0.153447938,0.522427021,0.437689794,-0.014138251,0.06090774
1039,0.077842819,0.457843858,0.140451724,0.516796536,0.439814698,-0.012814969,0.059748979
1040,0.081044129,0.455794685,0.133854803,0.513571319,0.442605807,-0.012259491,0.053008536
1041,0.088116932,0.462013579,0.128757875,0.513456258,0.4450508,-0.01774679,0.04774153
1042,0.08907884,0.457217316,0.116471838,0.521043134,0.438736892,-0.042282398,0.056076923
1043,0.119023137,0.475291282,0.141787394,0.533824739,0.443188386,-0.007537983,0.076064867
1044,0.135955039,0.488747177,0.167069333,0.532709725,0.454692521,0.025423549,0.085125923
1045,0.117612329,0.488777737,0.177125284,0.510647122,0.483220347,0.02947586,0.069977801
1046,0.104133243,0.489133365,0.158143372,0.530010163,0.483484009,0.00150019,0.069911627
1047,0.115382295,0.489345416,0.159520602,0.54792564,0.485714692,-0.010787567,0.086033761
1048,0.147908749,0.493272098,0.180578114,0.561313485,0.494371864,-0.007640902,0.113657755
1049,0.128621409,0.456490613,0.163657802,0.521859142,0.465830746,-0.027578669,0.082036969
1050,0.110909547,0.45438867,0.151194412,0.510909862,0.447299069,-0.035195967,0.052098301
