id,X,Y,mapX,mapY,dem,prec1,prec10,prec11,prec12,prec2,prec3,prec4,prec5,prec6,prec7,prec8,prec9,tmean1,tmean10,tmean11,tmean12,tmean2,tmean3,tmean4,tmean5,tmean6,tmean7,tmean8,tmean9
0,63,-33,-93653.5453,4644397.43676,203.40898,316.03503,142.99673,330.19711,341.23541,261.01425,278.17307,142.97922,86.975952,34.979214,9,26,50.982475,72.300056,122.14127,93.489418,73.282532,81.120483,83.138008,92.517944,113.14127,135.36568,150,153.17184,145.16205
1,84,-99,-72653.5453,4578397.43676,950.12256,244.03258,112.96751,251.23804,265.50003,200.50804,197.77855,103,55.007992,20.992008,6.9920077,22.745983,35.992008,32.57309,101.8681,56.310566,32.335056,44.581081,49.859592,65.613052,96.859596,130.84361,159.08904,160.83502,138.31856
2,100,-132,-56653.5453,4545397.43676,367.80948,218.04929,89.098587,201.24646,225.21356,175.05452,168.14787,79.205299,42.131359,14.955939,4.06568,15.093354,28.024647,55.632641,134.80806,83.780388,54.635666,73.652054,86.696114,107.75877,139.78947,174.70134,203.726,202.77309,178.66031
3,123,-151,-33653.5453,4526397.43676,1203.0981,199.67383,86.512108,195.18593,209.3242,164.3242,157.18568,77.67408,38.861732,17.69976,6.3498802,18.511599,30.000254,19.788134,99.464188,46.276279,19.626415,33.276279,40.114056,62.602455,99.925644,140.76418,172.95233,172.95233,143.46393
4,122,-220,-34653.5453,4457397.43676,1185.2025,229.75323,86.810707,216.80685,229.68732,192.75323,184.87276,85.881195,34.004581,12.942525,4,15.934091,29.934092,29.003855,105.24677,52.246769,27.99542,39.118805,43.242188,65.242188,102.24219,143.29967,177.12267,176.18471,147.41919
5,114,-275,-42653.5453,4402397.43676,551.52673,238.50049,77.849022,202.48857,223.42601,183.9136,176.70007,75.380295,28.668303,6.6683016,2.6683016,9.8629732,22.394249,55.756729,133.03078,81.7547,54.343624,71.673294,80.43898,100.88683,133.0864,170.42012,199.75673,198.22748,173.81235
6,119,-323,-37653.5453,4354397.43676,208.10287,220.34631,58.54517,146.08614,182.54097,167.25974,138.91298,63.259739,26,6.9134207,2,6,16.08658,74.826843,152.43335,101.71877,75.627991,93.454834,101.91763,119.84833,152.45483,184.98271,215.54141,211.54141,189.5629
7,116,-362,-40653.5453,4315397.43676,432.30081,240.78566,75.443871,192.25842,204.78566,179.83783,168.78566,77.443871,21.9711,6,2,7,18.947819,69.15654,137.13327,94.133263,70.133263,83.133263,87.660492,103.15654,131.08336,161.65822,186.07545,185.57941,168.13327
8,136,-422,-20653.5453,4255397.43676,80.034386,227.09885,65.923912,163.80978,184.1635,162.84782,140.17493,65.923912,14,6,2,4,14,82.353714,148.36514,111.02661,83.038048,98.722374,104.72237,118.33854,138.31567,159.26245,168.28906,171.28906,170.3271
9,150,-27,-6653.54530003,4650397.43676,1118.6588,119.77683,56.440411,120.43327,136.55367,90.876022,80.436836,45.656429,31.660004,20.560814,8,17.099188,24.099188,3.8995872,93.558365,35.90316,4.8995872,24.558365,39.678768,63.117954,100.89836,142.68234,176.33755,174.46275,140.56551
10,144,-59,-12653.5453,4618397.43676,1803.2388,164.20245,82.514091,171.37672,181.20839,132.86478,130.20245,74.852768,47.01302,27.675346,11.168334,23.332739,32.675346,-14.007079,65.148239,11.485909,-12.008085,-3.8517644,-1.5221763,19.303551,56.135216,97.140152,132.47884,132.64223,104.80563
11,157,-126,346.454699974,4551397.43676,1499.9554,164.72981,76.862411,163.03281,170.86032,135.72981,131.86032,71.342873,40.68993,22.344965,8.1724825,18.344965,28.344965,3.0070763,85.704079,30.349154,4.0070763,16.139683,22.622234,45.664207,85.014153,127.52871,162.62721,160.32213,129.83669
12,156,-190,-653.545300026,4487397.43676,848.80487,172.16724,58.895222,153.80455,160.9859,147.80455,136.80455,57.669926,23.89522,13,4,11.895221,24,35.390907,127.78345,66.495689,35.390907,53.481579,65.481583,92.691139,135.66293,178.7677,214.52831,210.64882,178.66293
13,178,-214,21346.4547,4463397.43676,407.37262,162.39078,49.013546,133.76802,139.40433,128.39078,126.39079,55.377239,24,12,4,8,21,62.259071,162.86829,97.631577,63.231979,83.631577,98.240791,128.63158,174.21843,220.23198,255.23198,247.85474,216.21843
14,168,-261,11346.4547,4416397.43676,1212.0833,204.30511,70.942375,178.78014,189.47128,166.44778,160.61395,79.695076,28.085049,12.166173,3,10.691154,25.227724,35.162247,116.34799,59.471092,34.223797,43.138748,46.972576,72.219872,112.21987,158.8064,195.59027,192.84947,161.55222
15,184,-315,27346.4547,4362397.43676,391.7124,121.73032,32.782959,82.088203,96.088203,93.947365,72.017784,31.853378,10.023562,6.0235624,1,4,10.023562,62.240604,158.21704,97.859154,64.217041,81.765175,94.169914,122.71832,167.0995,212.14662,242.85916,236.21704,206.47771
16,202,-395,45346.4547,4282397.43676,131.59006,150.04808,39,100.41654,115.29111,115.29111,93.416542,39,11,4,1,2,9,75,170.63155,113.65956,77.444557,99,113.75698,138.75699,176.65956,213.54198,237.04147,231.46588,209.95192
17,226,-448,69346.4547,4229397.43676,0,96.486557,23,56.939758,71.939758,66.546799,53,30.93976,8,3,1,1,6,75.543495,175,121.12122,79.181458,104,121,144.27174,172.27174,200.90971,216.7885,216.12122,207.4532
18,218,-457,61346.4547,4220397.43676,101.80804,108.66928,28.589432,70.669281,82.146347,78.146347,67.669281,36.045868,10,3,1,2,6.5229344,79.066498,172,121.47707,83.066498,104.44455,118.37805,138.44455,163.98665,191.41057,207.49042,208.42392,201.9335
19,213,-512,56346.4547,4165397.43676,6.2633786,72.960579,22,52.993912,56.806137,55.812225,55,29,7,2,1,2,5,93.993912,170.12111,129.84555,96,114.03942,125.84556,141.84555,162.84555,183.16054,194.19386,197.15445,194.00609
20,173,-42,16346.4547,4635397.43676,1323.4121,100.41842,49.046043,101.32795,113.62925,76.613899,71.58886,42.940231,32.608242,23.210829,9.0403872,16.974964,22.251215,-7.5832057,85.059769,26.100155,-5.5428185,13.84894,28.451527,53.134888,92.134888,133.34651,168.28108,166.89902,131.5323
21,178,-81,21346.4547,4596397.43676,1237.0579,106.29872,49.358063,100.41042,110.46976,82.700157,77.469765,45.358063,31.940657,21.769611,8.1710463,14.76961,20.171047,0.94763893,93.530235,34.776592,3.7172494,24.006981,38.066326,63.895279,103.72423,145.72423,178.9706,176.06633,140.93167
22,188,-101,31346.4547,4576397.43676,1740.8428,142.34938,70.126511,144.13188,148.34073,118.33536,118.23362,68.228249,45.005375,27.005377,10,19.107111,28.107111,-13.010753,72.775024,15.003269,-10.010753,-1.0161287,4.9784951,29.769648,69.871384,111.97849,148.76965,145.87675,114.08561
23,167,-159,10346.4547,4518397.43676,903.2226,187.46515,68.03054,161.48343,174.97911,150.97911,140.46254,65.49308,33.009659,18,6,13.009659,26.009659,28.938919,122.97051,61.981731,30.465155,48.445839,61.424953,89.488647,132.39441,174.49831,209.46777,204.96242,173.96242
24,176,-206,19346.4547,4471397.43676,291.00061,167.22597,49.345718,133.96062,142.82603,131.17377,126.86723,55.386917,26.041199,12.093392,4,8,21.093393,65.613083,168.01302,102.61308,66.706474,88.401955,105.02636,135.30856,180.31956,225.01302,261.51968,253.5087,221.05421
25,192,-288,35346.4547,4389397.43676,241.78421,105.84599,28,71.838135,81.921295,82.838135,64.838135,29,12,8,2,4.9246874,9,67.086555,168.90559,104.24842,68.992149,89.086555,104.0787,133.0787,178.0787,220.99214,250.08655,241.24841,216.99214
26,201,-306,44346.4547,4371397.43676,89.073952,99.098053,26,65.098053,73.208809,80.098053,59.098057,26.098057,12,7,1,3,8,69.012695,172.90195,109.80002,72.889252,95,112.80389,140.11462,184.70583,222.88538,247,239,218.90195
27,219,-358,62346.4547,4319397.43676,82.165039,100.11189,29.111887,73.111885,77.802803,80.087044,67,27,8,5,1,2,9,70.888115,173.19719,110.88811,72.802803,97,115.11189,143.88811,186,227.69092,251.08704,244.88811,217.11189
28,222,-422,65346.4547,4255397.43676,41.17551,136.00227,30.181618,84.632927,98.632927,94.533272,78.002266,36.081966,9,3,1,1,7,73.818382,176.3494,118,76.630661,101.53101,119.82065,143.82065,177.43135,210.81839,232.36934,229.36934,212.98232
29,203,-460,46346.4547,4217397.43676,217.94728,140.0365,40.347908,100.08894,106.77068,104.77068,93.377556,46.029644,12,4,1,2,8.6068821,86,167.07486,121.55444,88.947563,104.97035,112.80903,130.81342,153.57724,179.57285,194.15694,196.65932,192.28424
30,207,-509,50346.4547,4168397.43676,3.4011261,84.520699,23.154596,56.463791,67.337967,61.309193,61.337971,31.154596,8,3,1,2,5,91.845406,167.97186,126.15459,93.817268,111.87354,123.81727,140.35413,160.50807,181.63454,191.30855,194,190.9431
31,207,-569,50346.4547,4108397.43676,128.80064,171.4362,34.834164,104.43621,129.10365,135.33577,113.23628,57.534752,13.13263,4,2,2.8673694,9,94.066345,153.89957,118.23212,97.033203,106.16583,110.59788,124.63102,142.86409,163.26627,175.9678,177.06628,173.49832
32,206,-67,49346.4547,4610397.43676,851.00305,122.79902,47.301216,100.95029,116.79902,90.799019,86.100235,46.649071,33.649071,22,8,12.350929,20,16,111,52,19,41.649071,62,90,132,173.15128,209.35094,204,164.64906
33,207,-139,50346.4547,4538397.43676,696.43909,260.17725,89.397903,229.55017,240.55017,209.5755,212.07578,103.49937,50.847874,21.474411,7,13.47441,35.847874,44.703197,140.15228,79.152275,46.703197,62.304401,78.07666,107.67786,153.00797,196.52574,232.97482,225.60136,192.00797
34,201,-173,44346.4547,4504397.43676,148.9268,213.65359,60.078552,157.84825,178.05722,163.84825,154.84825,73.287521,41.287525,18,5,10,28,74.712479,180,113.51783,77.287521,99,116,148,195.92145,240.71248,276,266,233.92145
35,210,-248,53346.4547,4429397.43676,89.539749,104.68246,30,78.131401,83,85,73,33,18,10,2,5,13,74,178.40721,115,77,101.27525,118.72419,149.55106,194,235.27582,264,253.13141,229.08968
36,232,-296,75346.4547,4381397.43676,24.967751,110.78149,31,73.115341,81.115341,86.813744,71.813744,34.115341,15,8,1,3,10,72,176,114,74,100,118,147,190,229,251,243.1476,223.78149
37,221,-334,64346.4547,4343397.43676,12.308406,87.807167,27,65,67,70,59,24,9,6,1,2,9,70,173.19104,109,72,99,118.84579,146,191,227.19104,250,242.80896,219
38,216,-390,59346.4547,4287397.43676,128.80081,129.79825,33.915154,88.456039,97.371193,99.371193,81.915154,33.456039,9,4,1,2,9,73.915154,174.77232,114.28353,75.459114,99.427055,115.54396,142.97101,183.43013,223,248.54396,241.65779,216.54396
39,227,-448,70346.4547,4229397.43676,0,95.330017,22.454853,56.330017,71.330017,65.85038,52.454853,30.330017,8,3,1,1,6,75,175,121.87517,80,104.39553,121,144.54515,173.0903,201.45485,217.91589,216.72554,208.39552
40,252,-470,95346.4547,4207397.43676,-0.61697435,64,19,47,47,51.392944,46,22,7,3,1,2,6,72,177,117.39294,74,102,124,149.08463,182.1394,215,238,232,215
41,236,-534,79346.4547,4143397.43676,581.03583,132.36269,38.284084,99.990112,105.30645,109.78462,101.30645,51.284084,10.683657,3.9001071,2,3,9.9001074,79.199783,161.87775,110.25032,79.894409,91.610321,96.966232,117.42773,149.49376,185.71591,218.9001,215.88344,195.87775
42,225,-566,68346.4547,4111397.43676,463.15424,180.095,42.925488,126.08762,139.39738,144.39738,130.39738,64.397385,11.151196,4.6230955,2,3,10.151196,83.78167,154.60262,111.54641,85.225708,94.451416,98.620926,115.24402,140.51855,170.37691,196.23526,195.91594,183.22571
43,216,-614,59346.4547,4063397.43676,61.688114,117.12109,10.616013,54.717304,80.121094,79.505081,63.202587,41.101292,10.918509,3,1,1,6,99.817215,148.69751,127.02944,108.59621,108.08149,108.6777,120.13073,131.02943,144.59621,148.56677,152.56677,160.21222
44,241,-672,84346.4547,4005397.43676,203.47667,109.39762,24.169697,81.058228,97.686653,92.010307,92.839523,44.871708,9.5491409,2.5401852,1,1.0089558,7.0803704,98.505562,150.56123,122.39154,102.96538,104.80354,106.18191,117.16617,131.94069,148.7578,158.24329,162.17078,165.20866
45,288,-19,131346.4547,4658397.43676,1232.2089,33,26,37,39.452812,28,29,21,24,23,7,14,13,-14,93,30.252453,-10,16.791088,38,68,111.09438,152.7561,184.79109,178,142.2439
46,273,-60,116346.4547,4617397.43676,2167.9333,82.265167,53.700222,88.835983,91.265167,69.980995,76.410187,48.139153,45.271034,32.85498,13.416054,21.438927,25.845242,-34.709961,56.019001,-2.5552049,-30.68709,-26.564943,-20.835979,6.1640205,48.164021,92.734833,136.16402,133.16402,99.019005
47,291,-106,134346.4547,4571397.43676,1267.5181,77.841377,45.158623,73.158623,78.117126,65,65.882874,40.158623,38.0415,24.158623,6.1586227,14.136542,20.882877,-4.1974597,96.195412,38.643917,-0.19745974,18.624498,38.465878,67.583,111.44379,153.58299,186.87816,180.87816,144.87816
48,275,-154,118346.4547,4523397.43676,1372.9114,140.86987,71.804642,132.92567,136.21167,118.21167,119.92567,67.462837,48.462837,28.372202,7,16.341803,30.121035,-5.3722019,90.944191,32.285995,-2.3722019,12.602392,29.23019,59.199791,101.45096,144.26059,175.57199,169.60239,137.88339
49,270,-204,113346.4547,4473397.43676,1541.902,203.87671,89.780319,181.36642,187.2751,163.8248,168.00351,88.959038,49.953564,29.774843,6.5961242,15.685484,33.596123,-2.2816081,87.854187,29.957077,0.22515635,8.1822338,19.35899,48.811264,90.455788,133.18224,165.95708,162.36095,132.22319
50,290,-282,133346.4547,4395397.43676,521.13611,277.66449,89.289307,207.31195,235.85257,205.33046,194.56787,107.16908,39.785717,14.905957,1.9059577,6,22.717873,56.443928,152.62433,93.650528,58.537971,79.556488,92.914139,122.74457,163.00818,205.74457,236.77844,228.74457,201.58269
51,293,-327,136346.4547,4350397.43676,432.84311,219.46704,65.978134,148.25636,178.49583,156.23947,143.26134,84.261337,29.983114,10,1,4,16,63.709873,161.03377,102.73866,66.726761,84.760529,97.77243,127.73174,167.75554,209.74364,242.76053,236.72676,208.74364
52,284,-368,127346.4547,4309397.43676,48.123192,120.48425,33.219048,86.265198,91.455208,85.2276,75.23616,49,14,6,1,3,8,73.256638,180,121.7724,78,104,119.78951,148.76384,187,225.24808,255.2276,249,225.7724
53,276,-414,119346.4547,4263397.43676,20.960793,98.005417,23,65.216522,71,69,63,36,10,4,1,2,6,73.974976,175.24155,117.99458,76.216522,103,119,148,183,215.02502,240,237,218.76387
54,285,-489,128346.4547,4188397.43676,11.552104,59.686466,16.588228,42,46.686466,47.58823,44.58823,27,7,2,1,2,6,74.686462,177,117.68646,74.686462,104.76143,125,153,188,223,248.14034,242,220.23857
55,276,-530,119346.4547,4147397.43676,514.22839,88.774261,24.870325,68.774261,72.774261,74.774261,70.774261,38.903938,9,3,1,3,9,70.40155,167.60846,107.56483,71.07724,89.564835,101.18211,126.78056,164.58366,205.6609,241.12967,235.56483,208.6945
56,280,-577,123346.4547,4100397.43676,577.24805,86.170975,22.689644,66.69796,71.170975,75.279289,72.201279,37.34898,8.1083174,2.6593373,2,3,10,71.34066,161.59668,106.25602,72.496681,87.410355,97.30204,119.72071,155.59668,195.72903,231.41867,225.83734,201.17801
57,263,-625,106346.4547,4052397.43676,150.55132,65.742073,16,47.742073,57.742073,60.683594,61.683594,27.986631,5,2,1,2,6.7554421,92.24456,162.76881,123.89914,96,107.48911,114.41727,131,151.25793,174.85631,189.67023,190.86967,186.75545
58,333,-42,176346.4547,4635397.43676,1514.6028,46,33,50,52,40,44,32,34,27,9,15,17,-18,84.028366,23.028364,-13,3.0283647,22.028364,52.028366,93.028366,136.02837,174.05673,170.02837,133.00493
59,341,-76,184346.4547,4601397.43676,1370.4453,43.822403,30.053493,48.231091,48,38.231091,41.053493,30.742086,31.973177,22.973177,6.7420869,13.231091,16.822403,-13.79558,91.973328,30.97333,-8.2845831,9.9733305,32.000153,62.688747,105.37734,148.25807,184.60843,179.00015,141.20442
60,353,-130,196346.4547,4547397.43676,1684.983,45.879246,33.005867,49.056,47.885109,40.01173,42.885109,31.050135,37.050137,28.005865,9.0058651,14.005865,20,-27.005865,77.817383,16.982405,-21.005865,-6.0560002,14.932269,44.97654,87.97654,133.888,171.89973,163.944,126.02667
61,333,-173,176346.4547,4504397.43676,1626.6403,78.932739,41.674236,68.67424,73.174294,66.932739,60.84853,33.499943,33.915787,24.915789,8,13,21,-24,80.084213,20.500057,-18,-3.9157884,18.258505,49.084213,92.258507,137.08421,174.00011,166.84267,129.2585
62,327,-203,170346.4547,4474397.43676,1669.4323,117.19587,51.928791,95.928787,104.19587,98.195869,88.928787,43.928791,35,24,8,13,23,-21.732922,80.534157,21.267078,-15.631601,-4.3645239,15.605365,46.635475,90.236969,135.53415,172.16576,165.50404,129.16576
63,342,-253,185346.4547,4424397.43676,1920.7036,153.22083,64.849396,133.69879,137.88264,127.88265,120.8494,59.511223,40.698788,24.816137,9,15.628571,25.849394,-19.989187,76.161415,18.044069,-13.294102,-9.8053246,3.4958866,33.37854,76.345284,122.31203,159.31203,155.82324,122.04407
64,330,-329,173346.4547,4348397.43676,1317.2433,307.69138,100.24558,249.77533,271.03,259.2002,247.95462,127.04767,56.113956,19.245583,6,11,32.622791,45.131626,131.02676,74.850189,48.613697,51.575119,55.01767,81.394875,125.64046,171.57512,211.19791,209.50883,176.19791
65,346,-384,189346.4547,4293397.43676,1182.743,236.85648,82.43399,202.64523,217.42249,204.19974,204.21907,115.77725,41.656738,15,7,9.6567373,28.777252,52.788757,143.58534,84.132019,53.815914,61.705856,66.577515,92.475281,135.9286,182.27969,221.9286,220.04912,187.9286
66,324,-400,167346.4547,4277397.43676,447.52838,181,49.837124,107.97847,149.57872,129.83713,107.70399,66.562637,25.578716,9,2,4,13.258407,65.208694,165.16287,102.84257,65.88839,86.16288,99.58416,127.01608,165.30968,207.62999,241.01608,237.42128,210.74159
67,343,-452,186346.4547,4225397.43676,422.71576,140.61372,42.114574,104.2081,120.4781,114.4781,117.22915,70.114578,20.13563,6.9789457,2,3,13,65.864372,164.86436,102.90648,66.729996,86.042107,100.74979,128.04211,168.90648,210.7498,245.86436,239.88542,211.86436
68,341,-500,184346.4547,4177397.43676,85.984955,74.761734,20,54.719471,62.719471,60.719471,60,44,10,3,1,1,7,72,177,116.23827,73.280525,100.01322,119.28053,149.5188,189.28053,226.56105,259.22504,249.22505,223.23827
69,341,-600,184346.4547,4077397.43676,67.119064,36,10,27,29,35,30,17,5,1,0,1,6,74.007294,179,117,73,104.29751,126,153.01888,193.02617,230,257.97382,251,225
70,354,-628,197346.4547,4049397.43676,89.582825,34,9,24,26,33,28,15,5,2,0,1,6,75,180,117.44329,74.805916,105.91267,126.36263,155.7186,195.55672,233.19408,260.5567,254,226.80592
71,377,-696,220346.4547,3981397.43676,235.62755,44.491814,10,25.491814,29.491814,43.525082,34.491814,19.033268,5,1,1,1,7,76.982002,184.03438,121.47492,76.526192,107.50819,125.04964,153.98199,196.57584,238.03438,271.93347,264.47382,231
72,362,-726,205346.4547,3951397.43676,680.87238,96.90625,20.99987,65.815231,75.815361,92.815231,83.90625,41.907681,8,2,1,2,11.907681,67.092316,155.09361,97.09388,66.092316,83.183472,94.183342,117.00156,155.18347,196.18451,233.00143,227.09361,198.00014
73,386,-751,229346.4547,3926397.43676,807.27722,101.16676,21.555056,71.481209,79.421349,98.166756,93.166756,47.180748,9.6855469,2,1,2,12.685547,64.628906,153.94336,97.314453,65.504799,79.819252,88.388298,111.13371,149.94336,191.20435,228.07385,224.5188,195.07385
74,410,-848,253346.4547,3829397.43676,847.95593,131,16.664806,91.090126,99.258781,137.57468,113.66481,49.42532,8.7126598,1.9521462,0,1.7126602,11.71266,79.197212,155.00926,110.36375,83.197212,87.938431,88.104973,105.70264,133.93843,168.48456,205.14935,205.43459,185.19722
75,378,-45,221346.4547,4632397.43676,1636.0995,52,31.047804,54,54.047802,42.047802,45.894318,35.894318,36.1049,28.1049,10,15,18.057098,-21.894318,83.000778,21.00078,-15.1049,-0.99921906,18.943684,50.895882,93.733101,137.88658,178.95297,173.62743,133.79019
76,365,-68,208346.4547,4609397.43676,1491.5219,44.307476,28,47.307476,45.463444,37,40,32.819427,34,26,8,14,17,-18,87,25,-12,5,27,57.692524,99.361145,144.53656,183.35599,177.04851,138.33655
77,380,-138,223346.4547,4539397.43676,1786.3772,39.949841,28.967937,43.967937,41.967937,34.949841,37.514305,28.967937,36.546368,28.54637,10,14,18.981901,-28.967937,75.050163,14.050161,-22.967937,-8.9498386,11.082224,42.082222,86.082222,131.10033,171.08223,164.10033,125.06826
78,369,-166,212346.4547,4511397.43676,1737.1006,44.113464,28.969725,44.00729,44.105408,38.113464,36.181305,23.105406,31.037565,24.969725,9.9018841,12.067841,17.969725,-31.871609,74.894592,14.06055,-24.969725,-9.0072908,14.022985,45.022984,88.857025,134.09082,173.85703,164.92487,125.25678
79,352,-203,195346.4547,4474397.43676,1285.5464,76.800591,33,51.800591,68.030876,58.800591,43.800591,19.769714,22.769714,17,7,8,15,-8.7290859,97,37.270916,-2.7290859,17.270914,45.240036,76.510948,119.31155,165.96912,202.24004,192.24979,151.47032
80,349,-280,192346.4547,4397397.43676,2181.6416,181.74413,73,159.8708,164.74413,153.84668,146.8708,74.975891,46,27,11,18.002533,29,-24.231762,67.765701,11.765703,-17.231762,-20.231762,-11.358433,17.663145,60.765705,106.88984,148.64157,144.7657,111.74413
81,339,-326,182346.4547,4351397.43676,1556.5369,328.15421,100.18125,246.81061,298.47153,264.59793,249.18846,133.83781,66.196823,23.629356,6.0502572,11.270129,30.320387,27.663824,114.98421,58.405331,34.752922,33.984211,35.844856,63.524471,106.62498,152.31624,192.94559,188.3046,160.67546
82,359,-360,202346.4547,4317397.43676,1467.7781,233.32213,77.068977,186.56273,211.32213,196.01982,185.56273,99.036652,44.388115,18.388117,8,11.388116,28,23.651484,116.65148,58.427715,27.752796,33.907585,43.2957,71.002953,113.39701,158.93991,194.68382,191.90758,162.36469
83,337,-429,180346.4547,4248397.43676,372.39243,154.38902,45.954067,106.66525,131.8954,121.77776,119.52825,70.338997,23.29285,7.4936285,2.2928512,3.4936287,13.088258,67.217339,167.05486,105.83623,68.268379,88.635452,103.67375,130.47298,169.76582,210.54849,244.25182,238.33115,212.6189
84,312,-466,155346.4547,4211397.43676,54.940865,70.673454,19,48.673454,62.416817,53.673454,54.673454,46.416817,10,3,1,2,7,74.381073,177,117,75.45874,103.58318,122,149.58318,187.61893,224,251.7979,244.61893,220.58318
85,323,-543,166346.4547,4134397.43676,30.164692,53.064159,13,38,41,44,38,26,6,1,0,1,6,72.154121,179.93584,118,73,104,126,154,194,230,258,249.05359,225
86,319,-595,162346.4547,4082397.43676,192.27919,37,11,30,30.58766,36.587658,30.821833,16,5,1,1,2,8,73.179695,175.17816,114.99847,73.821831,101,118.59051,145.76582,182.94836,220.17816,251.64214,245,219.12369
87,320,-610,163346.4547,4067397.43676,534.89606,58.695023,15.524541,45.170479,49.412174,56.412174,50.942764,25.276798,7.1414242,2,1,2,11,67.247742,162.6369,102.63691,66.858574,85.964897,98.864624,124.19261,164.34009,206.94487,242.61688,236.71715,206.85858
88,306,-681,149346.4547,3996397.43676,243.5246,51.639538,10.720285,31.750736,41.195137,46.85022,42.85022,19.375368,4.4444008,1,0.44440067,1,6.4444008,82.693665,163.18024,112.31447,81.94268,101.31447,113.62846,133.55943,163.34874,194.79315,216.95784,215.31017,197.62463
89,319,-726,162346.4547,3951397.43676,376.11813,88.491646,16.294367,50.495079,68.142265,81.844467,71.142265,33.245823,5.6471829,1,1,1,7.6471829,80.702202,156.06149,107.05502,79.058449,95.41127,105.77056,124.45295,152.46629,184.10699,210.07179,209.07483,190.05846
90,320,-777,163346.4547,3900397.43676,13.189846,94.961166,20.319946,55.180351,73.500298,86.545387,74.500298,36.090176,7.0450873,1,0,1,8.0450878,114.95491,165.53914,141.63496,118,122.90417,124.81399,133.90982,142.08885,156.69064,166.0381,171.31995,175.4433
91,336,-841,179346.4547,3836397.43676,242.89259,77.097832,14.178632,60.647278,65.069389,85.67572,76.825912,38.411755,5.1501861,1,0,1,7.0284462,110.76447,157.94312,133.6167,111.91467,113.53376,112.73363,122.13769,130.58824,144.88861,158.24588,166,167.94312
92,427,-426,270346.4547,4251397.43676,3036.1763,147.00777,49.506237,127.00873,133.00873,119.75887,116.00873,64.763588,36.252636,24.253603,20.248888,24.249855,30.509985,-47.009697,31.748911,-17.258583,-41.7486,-52.254837,-50.499977,-25.01371,15.98907,64.982544,104.24268,103.23892,70.235176
93,414,-450,257346.4547,4227397.43676,2610.0264,160.55721,49.98875,135.55721,141.56845,134.64748,127.56845,70.778603,34,21,14,18.789852,28.920979,-28.841955,53.447216,2.4472151,-23.841955,-30.552784,-24.541534,0.66861457,41.736385,88.856262,127.38386,124.79974,93.316086
94,432,-544,275346.4547,4133397.43676,1182.1882,170.34627,42.991249,126.17601,141.99126,154.34627,141.24226,81.080757,29.147011,10.910495,3,3.9337451,19.84424,43.757732,137.65373,76.676979,45.757732,56.587471,65.653725,93.417213,134.74323,181.74323,221.24695,218.35095,185.48346
95,449,-551,292346.4547,4126397.43676,1385.1097,161.63728,39.181629,115.77504,128.68321,147.54749,132.45566,74.181633,27.590815,10.590815,3.5908148,4.5908151,20.590815,35.954094,126.09185,68.363281,37.954094,46.360683,56.179054,83.499008,125.3194,171.99742,210.58565,206.40662,173.82098
96,444,-642,287346.4547,4035397.43676,93,54.329872,13,33.862766,41,47,47,28,9,2,0,0,6,73.795212,183.06755,120.65798,73,105,129.93245,159,201,240,267,259,232
97,449,-667,292346.4547,4010397.43676,91.31472,46,11,30,35,42.43824,40,25,8,2,0,0,6,74.15918,183.43823,119.68594,74,106,130,161,202,241.31406,269,260.56177,231
98,474,-732,317346.4547,3945397.43676,315.84863,43.761395,12,31.433582,32.433582,41.864124,45.864124,26,8,2.4335814,0,1,7,82.135872,193,127.03011,82.10273,110.56642,129.66914,161.99696,206.56642,250.43054,284.43054,276.13284,243.56642
99,472,-799,315346.4547,3878397.43676,205.68011,44.091385,9.7331247,27.358259,29.635839,42.932499,43.368965,24.466249,7.7331252,2,0,1,5.7331252,89.533752,193.80063,131.74973,89.533752,115.80063,134.03772,162.49326,201.80063,240.80063,273,266.42575,238.69263
100,485,-818,328346.4547,3859397.43676,1040.4974,60.674603,12.836723,50.155922,47,65.370117,63.524879,31,10,2,1,3.1632769,9,61.214195,159.04356,100.20684,65.533394,76.200638,84.207993,110.88764,149.88763,196.73172,239.05208,233.21535,206.19948
101,462,-880,305346.4547,3797397.43676,51.992493,86.587906,6.3066754,53.306675,52.58791,79.894585,54.894585,30,4,1,0,1,3,121.10542,175.37895,145,123.37895,127.85938,130.72647,145.48044,159,177.82625,196.89459,202,195.31438
102,440,-433,283346.4547,4244397.43676,2446.0903,101.37592,32.365379,84.384102,87.474205,85.829041,76.655716,42.183872,26.818495,19.826674,14.818495,17.818495,23.818495,-33.471844,57.162781,5.0644956,-27.290337,-27.927324,-13.399167,14.699118,56.699116,102.87244,139.61589,135.42751,100.246
103,435,-475,278346.4547,4202397.43676,1993.3951,120.72752,34.977982,96.06311,99.542603,109.59827,96.255386,52.06311,27,16.557257,9.0073662,11.564623,22.922237,-8.0472221,83.00116,30.395521,-3.0398557,1.3587712,15.901295,43.893929,85.251541,130.53632,166.0862,161.78679,127.52166
104,417,-547,260346.4547,4130397.43676,829.87793,151.35045,37.356266,111.15066,133.91232,133.26859,125.94839,77.456161,25.117931,8.018034,2.0180345,3,16.036068,58.58963,154.55356,94.921478,60.58963,73.22364,83.985306,112.38984,154.38983,202.30797,241.16954,237.16954,204.20561
105,410,-598,253346.4547,4079397.43676,107.54647,55.961277,14.961277,35.961277,42.559677,50.62392,50.961277,29,9,3,0,0,6,74,183,119,73,101.03872,125,154.10297,198.89703,236.76561,268.93576,261,232.66264
106,390,-601,233346.4547,4076397.43676,81.744011,45,13,33,36,42,42,24.872356,7,2,0,1,5,72,180.87166,116,72,101,125,155.0007,198.99454,237,266.9993,257,230
107,397,-673,240346.4547,4004397.43676,63.546352,33.447056,8,19,22,33,28,15.077735,5,1,0,1,5,77.456795,187,122.92226,75.456795,109.54321,132,162,205,244.53453,273,265,236
108,394,-736,237346.4547,3941397.43676,242.94713,48.815159,11,29,33.240932,48.815159,40.815159,22.240932,5,1,0.33336562,1,7,74,177.09244,114.85147,73,102.5182,122.18484,149.51814,189,227.75906,258.57422,253,222.57423
109,378,-783,221346.4547,3894397.43676,893.43164,116.30367,22.440559,84.894081,93.308174,114.88085,108.86311,52.44479,9.9954977,2,0.98226112,2,13.013236,69.141121,148.55971,99.000267,71.013504,79.7183,82.722801,101.70956,135.24677,174.07043,209.55971,208.11465,183.09691
110,355,-806,198346.4547,3871397.43676,291.30902,84.134003,17.650091,55.696133,65.696129,87.696129,81.847626,39.348064,6.8250456,1,0,1.5557091,8.7072058,104.65193,165.57137,131.92126,106.35914,113.54052,115.15976,128.06538,146.24773,169.53128,189.05711,192.44429,183.62206
111,516,-497,359346.4547,4180397.43676,2172.1328,43.149174,12.033514,29.149176,34.149174,37.115662,28.859419,18.743757,16,13,13,14.115662,15.743757,-19.718838,76.388229,21.503891,-14.718839,-5.3220153,12.644471,42.785053,85.751541,133.78505,171.19041,161.90071,123.81857
112,505,-532,348346.4547,4145397.43676,3201.7295,94.68866,27.833765,71.836922,80.348282,75.271774,71.348282,43.174141,23.757259,16.416883,19.757259,22.757259,26.757259,-45.514519,28.140356,-17.783136,-41.514519,-51.595776,-51.68866,-27.880772,12.119227,61.894459,100.60786,96.459602,65.387848
113,525,-579,368346.4547,4098397.43676,3659.1606,122.05698,36.302086,93.078972,105.34775,100.16372,99.056976,57.570866,29.324076,19.162039,26.592855,31.302086,34.324078,-56.02367,9.92103,-33.894939,-52.648151,-69.950241,-76.219017,-53.950237,-14.403046,35.512203,75.780983,71.681702,42.965012
114,508,-611,351346.4547,4066397.43676,2298.675,120.29075,27,78.980881,95.701683,100.48666,94.207458,53.701683,21,9,7.4942226,10,23,0.7323584,79.743912,30.939819,3.4340429,1.9398201,6.660624,32.249691,72.970497,122.46471,160.74391,155.46472,123.24969
115,500,-661,343346.4547,4016397.43676,1282.7238,114.88229,24.142056,75.583199,93.740227,100.74023,97.915993,52.441143,17.142056,6.0785155,2.0785158,5.0785155,16.332794,49.672699,142.78654,82.515671,49.912003,59.437153,73.216583,101.64449,145.74173,192.56596,231.64449,224.996,191.6295
116,479,-735,322346.4547,3942397.43676,373.35965,46.45583,13,34,35.45583,45,49.45583,28,9,3,0,2,8,83,194.64302,128.35362,83.270409,111.5936,128.54417,161.46095,205.80945,251.67682,286.04941,277.54416,245
117,456,-755,299346.4547,3922397.43676,103.65488,28,7,18,17,27,28,17,5,2,0,1,5,81.143661,192,125.54752,79.273758,113,137.27376,169,210.85634,250.14366,280.27377,272.85632,243
118,438,-830,281346.4547,3847397.43676,1169.7987,108.9447,17.936724,83.873444,85.936722,109.06328,98.118073,47.936722,11,2,1,3,12,61.126553,146.1978,95.252602,66.118576,70.253105,71.48925,91.607826,127.37118,169.18983,211.23715,209.18983,183.48128
119,586,-562,429346.4547,4115397.43676,920.04974,15.011167,5,11,11,17,12,9,6.3913031,5,6,6.9888334,8,41.619865,166.98883,92.239731,42,76.619865,110.23973,151.61986,203.98883,254.98883,289.97513,277.59753,231.22856
120,588,-646,431346.4547,4031397.43676,2036.9862,48.747768,11.189709,33.237873,39.832726,46.237873,38.107391,22.643017,11.915044,6.5948544,11.594854,15.727974,15.727974,5.8444462,104.09931,44.929401,7.8444462,18.521618,35.691532,68.065674,115.47082,165.87596,203.06567,192.58942,155.79364
121,578,-681,421346.4547,3996397.43676,1616.192,45.057934,8.7380466,30.952187,37.690231,44.905602,38.167553,18.429506,8.7380466,4.7380466,7.7380466,12,12.738047,28.724054,131.61954,68.618309,30.356354,44.88026,64.142212,98.251831,146.23538,196.92807,232.40417,222.40417,184.92807
122,594,-720,437346.4547,3957397.43676,667.20087,18,2,10,11,17,9,4,1,2,3,6,6,71,192.64401,119,72.466988,102,128,170.33212,216,266.68811,303.33212,291.33212,253.68811
123,583,-796,426346.4547,3881397.43676,729.8656,20,3,14,13,16,12,7,2,1,2,5,5,71,182,114,71,96,118.44379,153.56415,199.53188,248.2164,289,279.09604,241
124,605,-841,448346.4547,3836397.43676,943.18542,33.580456,6,24.951317,24.951317,29.531773,26.580456,14,5,1,2.580456,6,6.9513164,64.731926,169.09299,105.20453,66.468231,83.307312,103.40974,135.30731,178.88777,225.88777,267.88776,261.41956,224.88777
125,616,-898,459346.4547,3779397.43676,517.39435,100.75241,13.036714,58.227936,70.688675,91.752411,85.752411,37.100452,11,2,2,4.0367131,10.036714,106.29654,189.89955,139.89955,110.83581,118.87252,126.93626,151.86284,180.90923,216,256,255.603,232.33325
126,592,-928,435346.4547,3749397.43676,176.11859,62.205578,10.907122,35.99139,43.625847,57.024681,53.478241,25.393974,8.4535608,3.2726645,3,6,11.453561,125.49547,195.31082,153.78693,125.73109,134.91199,139.82396,159.64307,180.55019,205.63931,234.8524,239.56412,226.36554
127,680,-646,523346.4547,4031397.43676,588.78455,11.802204,3,9.1508741,7.8022037,13.953078,8.8022041,6,3,2.8022039,7.1508741,7.8022037,5,73.14077,200.28421,122.64122,71.989891,107.83902,140.38548,184.13333,235.93553,290.0368,325.88593,314.88593,268.88593
128,689,-692,532346.4547,3985397.43676,1288.2699,20.424217,6,15.424216,15.424216,22.424217,15.995083,9.9965544,5,3.9985282,12.998528,16.424217,8.4256878,43.727352,158.73227,88.301163,43.727352,67.730797,92.309525,132.87892,182.45323,236.30952,271.30951,260.87891,218.73521
129,680,-729,523346.4547,3948397.43676,646.49023,12,3.9988611,7.5405121,8,12.998861,9,4,2,2,7.9988613,10,6,75.460625,199.37961,125.45949,74.461769,107.00114,137.37825,178.91898,227.92125,280.9201,317.46176,306.46289,263.37961
130,675,-791,518346.4547,3886397.43676,572.3656,12,4,5,8,11,9,4,2,1,7,9.6137791,7,87.386223,204.75485,133.07053,86.410179,114.84297,141.48071,180.41017,229.31569,279.07053,317.04657,306.38623,267.07053
131,660,-820,503346.4547,3857397.43676,712.422,16,5,8,12,14.431806,13,6.4318061,3,1,6,9,7.4318061,81.197884,192.75131,124.70458,82.136391,105.70458,129.13638,166.08966,211.27278,260.07489,298.31952,289.70459,252.13638
132,685,-856,528346.4547,3821397.43676,1047.2084,37.73827,11.433612,23.869135,33.302746,34.73827,34.302746,18.188848,9,2,9,15.680286,13.680286,69.130867,172.07289,109.26173,70.69725,88.261734,106.75317,140.69725,185.26173,233.26364,270.58334,262.58145,227.33669
133,682,-920,525346.4547,3757397.43676,779.27332,60.020683,13.024992,39.101254,50.726002,54.283073,53.620441,26.726004,10.519189,2,7.3123751,13.024992,15.894439,93.572983,185.88536,128.88536,95.303299,108.15505,120.32957,148.54799,186.86037,230.46013,268.86038,264.27832,234.39116
134,691,-960,534346.4547,3717397.43676,1556.3635,97.474167,20.079149,64.315872,85.394295,93.474167,97.394295,45.157574,16.079149,3,16.078424,23.079149,22.999275,53.684128,135.69247,84.684128,55.772343,60.684853,68.604256,94.693192,132.59665,181.68413,218.68413,213.60498,182.68486
135,679,-1000,522346.4547,3677397.43676,840.31152,99.32206,19,64.603043,81.33828,94.147911,100.94132,44.174149,13.190369,2.1903691,8.1903687,14.190369,14.719018,73.709877,158.44511,106.5939,72.900246,86.651703,100.94839,123.27097,151.97375,191.70987,231.31291,231.5939,203.44511
136,696,-1071,539346.4547,3606397.43676,824.5271,78.105064,17.823004,48.282059,59.612919,69.435921,80.928062,34.612919,9.8230038,2,7.6360488,11.789914,9.9669094,88.171204,161.34821,117.20429,88.832924,94.799835,102.20429,123.45901,150.12816,186.63026,225.66335,227.80725,202.34821
137,619,-636,462346.4547,4041397.43676,1452.4899,22.236811,5.4046211,15.828046,16.813385,24.251471,16.794582,10.389961,6.4234247,4.9811964,10.389961,12.404621,10.389961,28.578646,143.91841,75.15522,29.578646,53.207489,79.937218,118.3941,169.54726,222.0188,257.3941,245.54726,203.51379
138,632,-688,475346.4547,3989397.43676,359.28726,14,3,9,8,14.346521,9,4,2,2,4,6,5,84.010513,213.85085,137.20787,83.073647,119.8868,153.46663,196.43068,245.89731,298.43066,333.43066,323.19736,279.0105
139,648,-748,491346.4547,3929397.43676,793.10437,14.977526,4,9,9.9775257,14.527038,10,4.025044,2,2,6.025044,10,6,69.994858,190.04237,117.9684,70.949913,98.997429,125.47039,165.44534,214.94078,268.44534,304.46783,294.44534,252.5219
140,625,-774,468346.4547,3903397.43676,1053.9064,21.162931,4.9239731,13.638683,15.638683,20.562656,16.353395,7.6386838,2.9239731,1,5.5242467,9.7147112,6.9239731,62.83707,174.6082,105.38885,63.437344,86.083946,106.08395,144.27441,193.08395,245.15997,281.845,272.27441,232.76897
141,607,-814,450346.4547,3863397.43676,931.68817,21.915401,4.9154024,16,15.938429,18.915401,15.915402,9,3,1,3,6.9154024,6,65.084595,172.92003,106.1692,66.084595,86.773865,107.14617,142.81241,187.897,237.06157,278.08459,268.897,231.10762
142,614,-881,457346.4547,3796397.43676,966.78766,104.84187,15.929744,69.153572,79.153572,98.771614,93.771614,41.477531,13,1.9297439,2.3942156,6.4522142,12.929744,70.585358,166.10783,107.6883,73.643356,85.319397,99.165825,126.71362,165.09557,207.54779,248.68829,245.77161,215.22383
143,635,-934,478346.4547,3743397.43676,448.13248,61.583168,7,32.928452,40,52.928452,47.483067,27,7,2,3,5,9,107,189.41684,141,111,118.48307,127.8999,151.07155,179.65471,212.51694,252.48306,252.8999,230.48306
144,614,-994,457346.4547,3683397.43676,22.660353,52.74094,8,34,39.74094,49.74094,48.877506,22,5,2,1,3,8,126,184.86343,151,127,129.25906,137.25906,151.25906,165.25906,184.1225,204.13657,213.25906,206.38156
145,768,-735,611346.4547,3942397.43676,949.87549,15.200734,7,12,12.200734,16,15,8,5,3,14.232693,20.200735,9.2326927,64.767311,181.7673,110.76731,65.008453,89.726898,116.80772,156.80772,206.80772,261.00845,296.7673,284.7673,243.01691
146,791,-766,634346.4547,3911397.43676,1651.9504,30.787243,14,24.712456,26.703554,31.703554,30.787243,14.991097,8.9910975,5,26.884718,39.712456,16.893621,38.402824,143.61559,82.336945,41.402824,53.509205,71.601799,108.69927,157.44331,214.45222,248.5929,236.69926,198.69926
147,772,-807,615346.4547,3870397.43676,591.74432,11.152884,7,7,9.2578497,11,10.25785,4.1528845,3,1,12,18,10,96.694229,213.58926,140.95209,96.018944,121.97102,148.72321,189.58926,239.98105,293.46536,325.84711,314.82819,275.82819
148,788,-861,631346.4547,3816397.43676,199.28291,8,6,5,7,6,6,2,2,1,8,12,8,120,237,165.31093,119.717,148.02792,175.97208,217,266,317,349,339,300.85852
149,784,-935,627346.4547,3742397.43676,766.203,17.731493,10,11.237801,16.119377,15.119377,16.119377,5.8065348,3,1,14.806535,24.806536,13.806535,97.836288,204.41763,140.26755,100.19251,118.41764,137.83629,174.1048,219.7169,272.14816,306.95471,297.53607,261.53607
150,800,-976,643346.4547,3701397.43676,571.0495,14.407992,9.5892191,8.5892191,13.407992,12.407992,12.918489,4.3292704,1.5892187,1,11.407992,21.737263,11.818773,105.7067,215.62798,149.6763,108.52547,127.44675,147.96944,184.93904,229.00836,281.11749,316.6763,309.0871,273.60699
151,781,-1007,624346.4547,3670397.43676,-68.868729,10.319538,5,6,8,8,8,3,0,0,3,8,6,128,242.52455,173,129.68047,151,179,214,256.67209,300.828,334.68045,330.47543,301.52457
152,767,-725,610346.4547,3952397.43676,1128.7976,17.954691,8,14.547507,14.547507,18.547508,17,9,6,3.5475078,16.547508,22.954691,10,53.830399,168.4978,100.09062,54.830399,76.617699,103.40279,143.3779,191.95029,246.2829,281.83038,270.07019,229.95029
153,769,-786,612346.4547,3891397.43676,1029.0128,18.522631,9.2056313,13,15.522631,19.205631,17.710453,8.5226307,5,2,16.522631,25.916084,12,73.244286,186.37346,117.95474,75,95.766914,117.74911,157.92729,207.03865,261.74911,295.85083,283.56128,245.66519
154,776,-844,619346.4547,3833397.43676,565.41913,11.249903,7.2499027,7,10,10,10.249903,4,3,1,12.249903,18.823059,10.823059,102.7501,217.25029,146.92703,102.92704,128.17694,152.29494,192.85408,243.5002,295.10397,328.48618,317.25031,278.04504
155,794,-878,637346.4547,3799397.43676,225.0325,9,6,5,8,6.5358768,7,2,2,1,8.1003571,13,8.2891064,121.17502,237.89964,167.46413,121,148.18875,174.79929,215.61053,264.92825,315.36377,347.43552,337.43552,299.82788
156,787,-903,630346.4547,3774397.43676,521.65088,12,8,8,11.072395,10,10.072395,4,2,1,12,19.072395,11.072395,109.94405,221.13835,154.71686,110.9276,134.13835,155.85521,195.79926,242.85521,295.64447,327.85519,317.92761,280.92761
157,797,-981,640346.4547,3696397.43676,290.74323,11.134151,7.2261472,7,10.134151,9.1341505,9.2261477,3,1,0,8,15.134151,9.1341505,116.36706,228.86584,161.32491,118.77385,140.09875,164.5477,201.18065,245.50555,294.49545,329.5477,322.9545,289.23291
158,820,-1038,663346.4547,3639397.43676,6.727674,8,7,4,8,4,3,2,0,0,3,9.0289335,6,122.80404,240.93633,171,124.96526,147.03473,174.03473,213.13229,254.80403,301.97107,337.97107,333,300.96527
159,814,-781,657346.4547,3896397.43676,1513.9974,29.026924,15,22.026924,25.026924,30.092945,30.355698,14.026924,8.0269241,5,27,40.026924,18,50.946152,157.3277,94.497505,54.039097,67.590454,83.617378,122.23476,171.27385,226.85321,261.23474,248.26167,212.36679
160,815,-812,658346.4547,3865397.43676,840.60699,17,10,11,14.866987,17,17,7.7415438,4,2,16.359913,25.359913,13,90.133011,203.39146,134.39146,92.514641,112.7731,134.12544,175.39146,225.7731,280.00983,312.51691,301.39148,263.15472
161,811,-887,654346.4547,3790397.43676,188.29985,9,7,5,8,6.6264124,7,3,1,1,8,12.194542,8,123.62641,241,170.62642,124.62641,150.74718,177.48961,218.74718,268,318.3736,350.88397,340.43188,303.61093
162,822,-929,665346.4547,3748397.43676,150.15999,9.0537605,6,5,9,7,7,2,1,1,7,13,8,126,242.00008,173,128,152.05376,178,218.99855,265.00009,316.05521,347.00153,339,303
163,804,-964,647346.4547,3713397.43676,755.24481,17.042675,11.021338,10.548299,15.569636,14.569636,15.590975,5.5269613,2.0213375,1,14.548299,25.569637,14.021338,98.354584,205.83939,141.32419,101.3551,118.8068,137.30234,175.24841,218.26974,272.29108,308.33325,299.77588,263.78494
164,816,-1026,659346.4547,3651397.43676,9.7230444,8,6,4,8,5,4,2,0,0,3.0341001,9.0341005,6,122,239.84538,169,123.0341,147.9659,174.40698,212.12051,254.9659,302,336.87949,332.96591,301
165,807,-1054,650346.4547,3623397.43676,3.0013101,9,7,4.9468408,9,5,4,2,0,0,3,10,6,124,241,172,125,148,172.92296,210,251.04906,298.99591,335,330.07703,300.92706
166,831,-769,674346.4547,3908397.43676,1447.9053,27.167444,14.389149,20.140499,23.167444,28.098204,29.125149,13.389149,7.9577036,4.3891482,26.709055,37.125149,17.389149,51.818947,161.0137,95.067596,55.345203,68.067596,87.040649,125.31625,175.26234,230.6515,263.65149,251.31624,216.63615
167,830,-801,673346.4547,3876397.43676,953.11194,19.68182,11.177223,13,16.68182,20,20,9,5,2,18.344282,28,14,82.822777,196.14096,127.16032,84.822777,104.64555,124.30801,165.62619,216,271.14096,304.14096,292.65573,255.4785
168,843,-868,686346.4547,3809397.43676,415.03638,14,9,8,12,11,11.798388,5,2,1,11,17.798388,11,112.40322,229.12296,158.40323,114,137.68851,162.20161,205.12296,255.20161,308.2016,341.12296,330.12296,291.76718
169,826,-945,669346.4547,3732397.43676,141.99173,9.8169708,6,5,8,7,7,2,1,1,7,13,8,124.9393,241.12233,170.9393,126.18303,151,177,216.24373,262,314,345.18304,338.18304,302.18304
170,835,-979,678346.4547,3698397.43676,363.88739,12,8,6,10.535063,8.0998774,9,3,1,1,9,18,11,113.75224,227.56482,159,116.46494,137.90012,161.43518,200.33531,244.53506,296,331.80023,323,288.90012
171,817,-1019,660346.4547,3658397.43676,27.593431,8,6,4,8,5,4.8692727,2,0,0,4,10,6.4546666,122.54533,240,168.54533,123.22331,146.77669,174,212.22331,255,303,336,333,300.77667
172,842,-1054,685346.4547,3623397.43676,40.517105,8,8,3,8,4,3,2,0,0,4,10,6,127,240.62469,173.93799,130,148.56268,175,213,253.45509,299,333.95441,331,297
