freq,x,y,dem,prec1,prec10,prec11,prec12,prec2,prec3,prec4,prec5,prec6,prec7,prec8,prec9,tmean1,tmean10,tmean11,tmean12,tmean2,tmean3,tmean4,tmean5,tmean6,tmean7,tmean8,tmean9
2,-44653.5453,4327397.43676,412.45419,236.32507,73.522766,187.16489,203.51183,178.45537,166.51183,77.054214,23.466301,6,2,6.9348507,18.65531,69.010933,137.01094,93.666245,70.010933,83.166618,88.479485,103.29272,131.19994,161.88063,187.40984,186.22308,168.60109
4,-27653.5453,4329397.43676,213.90141,212.84668,59.948467,151.8703,175.8716,158.89822,138.8716,60.973373,18,5,2,5,15,75.001724,154.07944,105.02963,76.053253,93.12841,103.12841,123.02534,155.10178,189.10178,217.1516,213.12541,190.10307
2,-26653.5453,4335397.43676,381.4537,215.36568,61.702957,160.68436,180.91766,161.3428,145.55688,65.766693,19,5,2,5.5754876,16.063734,66.593468,146.87376,95.017982,67.297661,83.298286,94.0186,113.59409,148.78653,184.65782,217.23331,213.01736,186.59348
1,-25653.5453,4334397.43676,363.2207,213.02791,60.982201,157.409,178.53601,159.16464,142.71846,63.918694,18.571611,5,2,5.1824393,15.754051,66.94458,148.09302,95.093018,67.555405,84.716431,94.962379,115.0473,150.18404,186.89886,218.08131,214.36125,187.5554
2,-25653.5453,4317397.43676,384.44308,227.32309,67.357979,172.93741,189.57942,169.32309,153.45963,68.357979,18.25633,5,2,5.8802075,16.25633,68.284035,146.40382,96.488739,69.284035,84.267296,93.147499,112.77138,145.26729,180.28404,207.54037,205.09447,181.36894
2,-24653.5453,4320397.43676,171.6384,215.60347,62.00758,157.60347,178.60347,160.18094,141.60347,61.595886,17,5,2,5,15,78.212334,158.3857,110.21233,78.808228,96.808228,107.20476,125.63811,158.40411,190.41495,216.58073,212.99242,192.39328
2,-22653.5453,4316397.43676,134.08368,216.67464,62.525852,159.14879,179.14879,161.05171,143.10716,61.525852,16.041624,5,2,5,14.484229,79.42244,160.38081,113.24211,81.339188,100.24211,109.46781,128.76796,160.86505,192.93057,217.06927,213.49806,193.43253
2,-20653.5453,4314397.43676,188.3782,221.55322,63.74802,163.53664,182.93242,163.96101,145.93242,62.760021,16.575617,5,2,5,14.592203,76.427368,159.41078,110.23096,78.398773,96.811157,106.41537,126.38677,159.85175,192.03157,217.80359,213.83218,192.04816
2,-18653.5453,4316397.43676,556.09784,227.05551,68.597023,175.90669,189.48138,170.30968,155.19405,70.022903,18.71265,5.7126503,2,6,17,61.9771,140.63423,88.208359,61.402981,75.805382,84.069824,104.09331,139.5192,176.83856,207.80595,203.69032,177.97768
3,-16653.5453,4235397.43676,102.82325,215.53807,64.453102,160.17369,174.62746,156.63121,137.13005,63.178104,13.635621,6.6356211,2,4,12.772408,85.727333,148.36813,112.95117,85.72876,99.231346,104.45751,117.18252,134.59573,154.22758,164.49884,167.86322,167.86554
2,-11653.5453,4309397.43676,620.08087,231.12244,69.693611,177.83626,191.71382,173.69362,157.33765,71.040421,18.346806,5.6734033,2,5.6734033,17.346806,60.682564,140.28618,87.956512,60.682564,72.916397,81.539917,101.89619,137.69173,176.31555,205.66235,202.66235,176.71194
11,-11653.5453,4274397.43676,80.954811,234.0726,63.024197,164.04994,188.0484,170.07104,143.0484,64.0242,14.022652,6,2,4,14,79,155.08629,110.88796,78.977348,98.933266,108.06364,125,151.00154,175.93326,189.02264,189.93172,182.0211
2,-10653.5453,4314397.43676,410.39932,216.37648,62.128487,158.55302,176.61891,161.66527,141.57256,62.276512,16.148026,5.0268111,2,5.0268111,15.148026,64.387047,148.45294,95.358536,65.460205,82.26413,93.378075,116.03567,151.35126,189.27811,218.91615,214.091,187.96979
5,-9653.54530003,4274397.43676,18.053896,215.76956,56.438206,144.66272,171.66272,158.49115,129.4382,58.438206,14,5,2,4,13,80,158,112,81.052948,103,110.43821,128.4382,154.54506,177.59801,189.15979,189.72159,185.10684
2,-6653.54530003,4262397.43676,41.493469,200.0291,54.097527,133.92558,158.39735,147.93158,120.45979,55.465786,13,5.6317382,1.6317382,3.1897674,12,81.723984,156.2522,112,82.252205,101.63773,107.89648,124.89648,149,171.45451,182.89648,184.44197,182.1785
2,-5653.54530003,4228397.43676,104.29056,209.66685,60.885365,154.69218,169.76598,152.77072,131.78023,60.942047,12.025331,6.0047464,1.9433186,3.9433186,11.891383,85.979416,152.17639,115.08803,87.10862,102.08803,107.07854,120.20139,139.08803,160.91798,173.81412,174.14503,173.99051
2,3346.45469997,4285397.43676,396.88855,249.92015,69.291588,179.75095,199.04396,185.87619,159.45937,70.291588,17.876188,6,2,4.4153996,15.4154,70.832222,151.87761,100.41682,70.30632,86.664452,94.540634,117.07985,150.41682,184.83223,208.46078,204.70842,186.29301
2,4346.45469997,4248397.43676,36.679565,160.8432,42.954037,103.88373,122.74181,122.88917,95.908073,44.954037,10.981096,5,1,3,8.9972811,84.858078,160.98381,116.14736,86.147362,105.01891,109.02434,126.02434,148.14464,172.02434,185.01891,186.28658,186.14464
4,5346.45469997,4296397.43676,363.40448,238.15474,64.066086,166.59982,189.25508,178.23917,151.06749,66.533745,17,5.0501714,2,4.0501714,14.482167,68.755592,152.94318,98.943184,68.425346,86.647194,96.826927,120.15717,155.64075,192.25893,216.60367,212.60367,190.89301
2,5346.45469997,4294397.43676,406.11505,238.88954,65.239433,169.32709,190.54225,178.45459,152.58673,67.391777,17,5,2,4.3485923,15.044479,68.020203,151.97646,98.975723,68.716087,84.930672,94.234787,117.73572,153.0843,188.97572,214.95552,210.41141,189.51927
3,5346.45469997,4212397.43676,551.53278,219.12979,72.501968,177.88991,178.88991,167.33597,156.44386,72.055923,16.83399,7,2,4.8339906,14.833991,82.984238,145.94408,106.67017,83.405891,89.722145,89.614243,104.1438,124.90392,152.40588,173.85838,175.37218,166.94408
2,6346.45469997,4260397.43676,97.164093,183.51511,50.284573,121.13268,141.72437,141.23055,111.97746,51.284573,13.790744,5,1,3,10.746915,82.165428,159.38243,113.20926,83.82682,101.6716,108.25308,126.54786,151.83458,177.12935,192.28458,193.15523,188.25308
2,7346.45469997,4278397.43676,240.68222,229.23752,63.579159,161.2599,182.2599,175.31355,145.29117,64.579155,16,5.5224247,2,4,13.367194,75.155228,157.11038,106.26561,76.177605,94.898415,102.74319,124.26561,156.47757,187.24324,205.36719,203.76566,189.63281
2,8346.45469997,4213397.43676,482.53671,213.79575,69.954651,172.18333,173.89981,163.07927,151.46686,69.342239,15.671121,7,2,4.2835283,14.387592,84.837227,148.54262,109.44963,85.449631,93.674446,93.466324,108.10739,129.61961,155.64668,175.93408,177.73703,170.65776
3,13346.4547,4272397.43676,490.26779,241.82478,68.969925,175.26021,192.59819,177.82478,155.11507,68.598198,17,6,2,4,15.145142,73.33799,153.11153,101.70972,72.226585,86.902573,92.470802,115.41943,147.65846,181.11153,206.88493,203.48314,186.01764
3,16346.4547,4209397.43676,42.850594,190.49281,53.544739,143.74883,155.60945,138.68411,128.53477,56.139381,11.40536,5.9253268,1,3,9.4053602,93.743988,163.07468,127.14935,96.221992,113.70203,121.67856,133.18929,149.96729,168.4453,178.73402,180.33069,180.56192
5,16346.4547,4189397.43676,31.926632,122.45715,39,89.555664,92.457146,90.555664,85.555664,38,8,4.0638595,1,3,7,101.90149,157.57205,130.49181,105.39329,115,120,128,137,149.83763,153,159.90149,168.16237
2,17346.4547,4210397.43676,140.93298,190.16386,55.710121,146.49641,154.28477,140.88011,129.68303,57.841515,11.934303,5.9343033,1,3,9.8790865,93.110435,161.05853,125.2523,94.186607,109.3837,116.47035,128.45987,145.45987,167.27327,178.91666,180.91666,179.26279
4,17346.4547,4197397.43676,65,140,43,104,108,104,98,43,9,5,1,3,8,100,160,131,103,115,120,128,140,154,160,165,173
3,17346.4547,4189397.43676,59.987293,125.26581,40.035587,93.326958,95.029358,93.291367,89.326958,39.035587,8,4.7379913,1,3,7.5177927,101.2202,157.73799,130.24576,105.2202,114.76355,118.68307,126.96442,137.23645,150.03558,154.55338,160.49223,169.28134
2,18346.4547,4210397.43676,0.32818088,182,48,129.8714,148.1286,131,117.8714,52,11,5,1,3,8,95.742798,165,129.1286,98,115.8714,124,135.2572,152,170.8714,178,181,181.2572
6,18346.4547,4189397.43676,95.198082,130.23973,41.906868,98.720612,100.17404,97.720612,94.720612,41.780323,8.4534349,5,1,3,8,100.09313,157.57999,129.06085,103.21968,113.574,116.61226,125.54656,137.03227,151.45343,157.36031,162.81261,169.48087
6,18346.4547,4187397.43676,109.67666,131.91795,42.954704,100.2519,101.89777,99.263535,96.897774,42.954704,9.0201769,5,1.0201771,3,8,100.32541,156.34558,128.34558,102.34558,111.73152,115.69971,125.34558,135.39757,151,156.70641,163.30029,169
2,19346.4547,4270397.43676,678.9563,233.28053,68.804367,173.37297,188.02007,172.23576,153.82443,69.588669,17.020063,6.2357607,2,4.7843022,16.568605,71.562195,149.07849,97.993584,69.776772,80.822662,83.855255,107.25406,140.48982,176.12326,206.02472,202.71193,183.00465
2,19346.4547,4269397.43676,509.94794,232.69386,66.12355,168.18327,185.47543,171.18736,149.47543,66.12355,15.936184,6,2,4,14.70785,75.137527,154.00409,103.72183,73.414024,87.232422,92.418114,115.52457,148.23242,182.32323,208.67511,205.73892,187.09489
3,19346.4547,4194397.43676,85.181915,132.97087,41.196583,99.005859,102,100,95,42,9,5,1,3,8,101.93002,159.16159,131.16159,104.03499,115.03499,118.97087,128.15573,139.80342,154.64182,159.63596,164,172.64182
2,20346.4547,4270397.43676,637.15472,231.8588,68.497597,170.99519,186.4976,170.84843,152.1364,68.287971,16.790373,6,2,4,15.848428,72.70166,150.93202,99.795174,71.45472,82.946747,86.366005,109.5072,143.21443,178.92166,208.29277,203.75972,183.92166
2,20346.4547,4191397.43676,148.74986,140.85802,45.228401,107.51691,109.48724,107.03006,103.11647,46.228401,10.370775,5,1.4571835,3,8.4571838,98.172043,157.9399,127.93989,101.96956,112.14237,114.59879,124.25845,138.22426,154.45718,162.08188,166.48685,172
2,20346.4547,4186397.43676,212.90977,148.45593,49.505627,116.38199,116.86986,113.86986,110.86986,50.505627,10.926049,5.5860791,2,3,9.4813709,96.383163,155.07394,123.45712,97.666527,107.0065,109.59908,120.82784,134.0065,152.17867,162.33347,168.33347,169.78465
3,21346.4547,4204397.43676,105,158,46,118,125,119,110,49,11,5,1,3,9,97,162,129,101,114,120,130,146,162,171,175,177
2,22346.4547,4266397.43676,294.46872,212.06857,58.725952,148.06857,166.78288,158.92422,132.87032,58.725952,14.285699,5,2,3.2856989,12.241984,77.383324,161.38333,108.64874,77.801727,95.230331,103.43724,125.14134,156.60503,189.51604,211.62531,208.4286,192.847
4,22346.4547,4185397.43676,60.388077,117.11279,35.928352,83.456184,89.051308,87.051308,85.004929,37.794651,7.8517766,4,1,2,6.6717,100.75845,159.98489,130.72882,104.22044,115.05712,119.48727,128.87704,140.48727,154.93852,160.11861,165.61023,172.93852
2,22346.4547,4184397.43676,150.5815,133.87152,43.129658,100.34086,103.98132,101.36656,98.909889,44.780228,9.5789576,4.8061051,1.614764,2.614764,8.1555347,97.265511,156.95427,126.14816,100.49759,110.60484,114.06406,124.41349,137.0997,154.10724,163.4106,167.7244,171.72456
5,24346.4547,4188397.43676,20.025156,107.59166,30.828762,72.490387,81.747246,79.661629,77.408875,33.914379,8,3.9843502,1,2,5.7472472,102,164.06998,135.2684,107.63443,119.06997,124.08562,133.33838,144.2684,157.59113,162.84851,168.33838,175.08562
4,28346.4547,4166397.43676,138.46271,127.96835,41.567295,94.39518,101.34292,97.046387,98.968353,45.775623,9.4268293,4.4268289,2,3,7.921967,94.146339,153.45259,121,95.869705,106.22437,110.72924,122.72924,138.02577,157.2341,169.49469,173.41666,171.57317
2,30346.4547,4276397.43676,179.26802,186.71877,49.552017,124.94278,147.03535,143.07417,115.07417,49.590839,13,5,1,3,10.683414,77.014931,165.33151,111.14632,77.447983,97.462914,109.14632,132.16125,166.40916,202.01492,222.68341,219.22401,201.05376
4,31346.4547,4160397.43676,161.21059,129.21248,41.593178,96.867493,103.14421,99.867493,101.1181,46.593178,10,4.7493992,2,3,8.0261164,92.595581,153.04214,119.22449,93.318863,105,109.79395,122.19836,138.7518,159.22449,173.97388,177.94777,173
2,31346.4547,4119397.43676,100.99867,159.96033,40.043316,107.46918,126.29956,124.29956,114.46918,56.873699,13.830383,5,2,3,9.776082,95.563148,146.61745,117.73277,97.393532,104.84137,109.1263,119.73277,133.95668,151.39354,162.43684,166.43684,165.16962
2,32346.4547,4278397.43676,379.08954,201.53072,54.983135,139.67204,158.65178,150.63681,126.59968,54.983135,13.858672,5,1,3.1934264,12.910771,74.334755,162.03712,106.37189,74.786308,91.016869,100.80318,125.26768,160.33136,197.52052,222.42398,218.23056,199.03712
4,32346.4547,4158397.43676,172.95987,130.90941,42.227814,97.68261,104.68242,101.68261,102.4548,47.454609,10.000188,4.2276244,2,3,8.2269831,92.546219,152.77321,118.54539,92.999809,104.54558,109.77135,121.77238,139,160.77257,175.99954,178.00064,173.22763
8,32346.4547,4121397.43676,179.63937,168.58347,43.343082,114.69987,133.40508,132.40747,121.39137,60.194489,14,5.0160956,2,3,10,93.8377,146,114.9839,95.675407,101.8377,104.95171,116.67301,133.6617,152.0137,166.16229,169.00478,165.0024
2,33346.4547,4277397.43676,376.40762,200.07408,54.899826,138.51405,157.18953,149.09363,125.86501,54.899826,13.93464,5,1,3,12.324519,74.065361,162.05009,107.41632,74.228615,91.514214,99.921654,125.32042,161.16554,197.40105,222.98473,218.11545,198.50533
2,33346.4547,4117397.43676,115.08006,164.01198,40.208256,108.35036,128.04396,128.04396,115.35036,57.835705,14,5,2,3,9.9338465,96,147.93167,118.06615,97.47287,104.13231,108.16429,119.48534,134.75975,152.72559,163.59328,166.6936,165.72559
2,34346.4547,4254397.43676,35.168041,155.48871,40.243065,100.73737,118.73737,117.49431,95.737373,42.243065,13.505692,4,1,3,8,81.751335,167.50827,116.50827,83.751335,104.25703,116.49431,136,163.75134,193.25703,206.76529,206.49991,197.49173
8,34346.4547,4160397.43676,81.055885,115.84695,35.124332,82.846954,91.738983,88.463112,88.685745,40.346962,8.2226286,3.7855489,1.785549,2.7855489,7.1612129,92.938583,156.26768,121.04506,93.56292,107.20628,115.5998,128.15154,146.81425,168.21596,183.0287,184.65305,177.88385
1,34346.4547,4117397.43676,192.84737,174.60698,42.882488,116.64349,136.64349,136.68796,122.68399,61.841995,14,5,2,3,9.9595051,94.073204,147,116.0405,96.032707,102.11751,104.16214,116.158,133.07718,153.04414,166.92267,169.88232,166.99983
2,35346.4547,4159397.43676,69.589134,113.22537,33.661896,80.225372,89.636078,86.8405,87.172371,39.510475,8.5362978,3.5893004,1.5893004,2.5893004,6.9469976,91.410698,157.13368,120.4637,93.107864,108.61512,115.64095,129.3381,147.90022,170.28325,184.95323,186.18483,178.9274
1,36346.4547,4289397.43676,250.22453,173.82834,46.659222,118.80596,136.80595,133.68161,109.16912,46.659222,12,5,1,3,11,72.726326,164.70395,108.34078,74.19146,93.340782,105.34078,131.38292,169.6566,208.02496,232.51248,227.29344,205.16908
6,36346.4547,4205397.43676,67.750648,131.11726,34.003868,85.154594,98.19503,98.021683,85.150726,43.010841,13.006975,4,1,2,7.0443034,96.169479,167.77538,130.98915,100.17645,114.16948,122.75756,135.67979,151.80884,167.7684,171.98605,176.98605,183.07776
1,37346.4547,4253397.43676,9.0107737,147.51099,38,93.054634,113.05463,112.51099,90.934166,41,14,4,1,2.3157277,8,81.195259,168.45634,117,83.763123,104.73891,117.38156,137.26109,164.42319,193.61844,205.04163,205.87953,197.42319
4,37346.4547,4216397.43676,78.133591,138.76006,36.919464,94.859558,105.28595,102.17632,89.076813,44.029102,11.227748,4,1,2.2277474,7.4554949,92.28801,167.85112,127.63553,94.41626,111.42639,120.84265,135.8714,154.32689,175.31676,182.04938,185.45549,188.10762
2,37346.4547,4205397.43676,157.46791,141.7532,39.523155,98.971672,107.7532,106.82784,94.996414,47.429218,12.664717,4,1,2.3793263,8.3352833,92.950104,165.25479,126.57078,96.994148,110.19145,115.81213,130.19145,147.70876,166.75865,174.97713,179.18787,182.78925
2,37346.4547,4154397.43676,113.97551,117.57039,35.431129,84.575859,93.575859,91.862259,90.862259,42.14473,8.7175255,3.7175257,2,3,7.7136021,91.99453,155.56888,118.5728,92.003922,105.5728,113.56887,127.2864,145.56888,168.84743,184.28093,185.56888,177.57126
2,38346.4547,4288397.43676,162.31343,160.36525,42.526024,108.20953,125.47255,124.83922,99.762299,41.973259,11.263013,4.8175459,1,3,10,73.844284,167.3165,111.47398,75.736984,96.473976,110.65643,135.5795,173.73698,211.55453,234.28975,229.81755,206.84428
1,39346.4547,4255397.43676,19.587975,147.89632,38,93.157837,112.92343,112.89632,91.234406,41,14,4,1,2,8,80.972885,168.89632,116.10368,82.869278,104.71137,117.26151,137.89632,166.79263,195.81975,208.36513,208.89632,199.8692
4,40346.4547,4299397.43676,266.40121,157.20529,42.663681,108.15026,123.15026,122.54161,98.988068,42.217224,11.055031,5,1,3,11,70.553543,165.33632,106.12206,71.782776,91.229156,104.28129,131.33632,171.83484,212.51341,238.39136,232.22923,206.8378
3,41346.4547,4156397.43676,27.411354,96.540413,27.463755,66.540413,76.540413,76.07666,73.540413,33.284237,7,3,1,2,6,90.387093,160.82048,120.56661,92,108.89528,120.02806,134.69939,155.43152,177.10286,190.71576,191.3871,183.87891
3,41346.4547,4155397.43676,32.666355,97.468918,28.079525,67.468918,77.468918,77.348259,74.468918,33.810791,7,3,1,2,6,90,160.30988,120.4214,92,108.6106,119.73127,134.12067,154.10968,176.18921,190.18921,191.15266,182.85193
6,42346.4547,4301397.43676,330.47195,158.59772,43.236012,110.26703,125.26703,122.93634,100.97823,42.989117,11.288792,5,1,3,11.288792,69.383469,163.14746,104.80589,69.958107,88.299675,101.54657,128.85866,169.66455,210.72209,237.85866,232.05278,206.29967
2,42346.4547,4298397.43676,222.97989,148.85579,40.410336,102.82786,116.83717,116.82426,94.436142,39.413929,11,5,1,3,10.00931,71.378807,166.60469,108.58607,73.212975,93.203667,106.58967,133.81767,174.58035,213.59538,240.97566,234.21298,209.21298
2,42346.4547,4213397.43676,193.2226,142.92245,40.617107,101.97952,108.5813,106.92245,95.482483,47.057072,12,4,1,2.4041543,8.497035,89.068932,165.50296,122.94293,91.439964,106.00593,113.97281,130.81693,151.5089,174.56596,186.58722,190.05707,188.90712
3,42346.4547,4156397.43676,24.328234,93.779228,27,64.175072,74.175072,74.666557,71.666557,32.604153,7,3,1,2,6,90.446106,160.50851,120.05026,91.112671,109,120.44611,134.49637,155.50851,178.33344,191,191.44611,183.98785
3,43346.4547,4155397.43676,17.677744,91.241386,25.866312,61.553852,71.553848,72.553848,69.375076,31.687538,6.6875391,2,1,2,6,89.572144,161.29417,120.31246,91.572144,109.0183,120.68754,136.13368,156.13368,178.31245,190.42786,191.13368,184.83952
3,44346.4547,4149397.43676,110.28395,109.88774,31.636137,76.038239,86.017563,88.017563,84.038239,39.508781,7.8933167,3,1.893317,2,6.9975314,91.104218,159.97932,120.10668,92.002472,107.12736,115.38206,130.28032,152.12982,175.12982,190.99753,191.10669,183.23404
3,44346.4547,4136397.43676,713.72711,177.82555,56.937679,135.91838,146.92068,149.9037,132.91954,68.998848,15.998849,7,2,4,11.016989,82.002304,146.92299,104.94113,83.003456,86.906006,85.764374,99.908302,126.00346,158.04764,187.06348,187.98416,172.06578
2,45346.4547,4259397.43676,322.25394,173.4782,46.984016,120.41109,133.56711,129.15311,110.51611,48.895107,12.36301,4.8439913,1,2.8439913,11.207002,77.206879,166.49709,112.03792,77.771194,95.83091,105.89789,128.44597,162.58588,197.34096,222.13977,218.15601,201.06697
2,45346.4547,4233397.43676,164.00041,147.88066,39.757236,100.86001,111.51447,108.51447,93.581619,44.757236,12,4,1,2,8.3661966,82,168.45401,119.91219,84.521156,103.52116,114.17561,133.28827,158.69676,186.60896,201.6338,202.43335,196.20045
3,45346.4547,4198397.43676,305.80109,136.27008,43.622349,104.27008,106.13712,105.27008,99.971603,48.323868,12,4.0253835,1.0253835,3,9.0253839,88.273102,164.70152,120.54317,90.809105,102.67613,109.11171,125.7553,147.18675,172.7269,191.07919,192.75533,188.10759
2,45346.4547,4106397.43676,163.7859,177.85983,37,109.85983,134.76015,139.30751,117.61501,60.307507,14,5,2,3,9,93.692497,151,117.4072,96.506882,103.6925,108.44768,119.6925,138.44768,157.49312,170.75519,172.20782,169.85487
2,46346.4547,4158397.43676,1.5540661,81.855721,23,54.855721,64.855721,64.995392,61.995388,29,6,2,1,2,5,89.404686,163.72066,121.86033,90.883881,109.86033,122.02355,137.3075,159.09718,180.73959,191.13966,192.16322,187.14429
2,48346.4547,4105397.43676,157.54895,176.61067,35.703808,108.46258,132.61067,138.71347,115.61067,59.601009,14,4.2605591,2,3,9,94.250893,151.59134,117.84224,97.102798,104.99033,108.44429,121.13843,139.88754,158.9547,172.70381,173.59134,171.22798
2,49346.4547,4117397.43676,163.33351,168.20207,37.24987,105.73404,128.29118,133.11539,113.4388,56.557697,12,4.1476202,2,2.3078263,9.1476202,91.544556,155.22115,118.24931,94.236725,104.58992,110.60251,124.75013,145.72197,168.08911,184.58829,184.01558,178.39693
9,49346.4547,4116397.43676,180.5108,171.65965,37.735371,107.65965,130.65965,135.47073,115.65965,57.735371,12,4,2,3,9,91,154.63231,118,93.058899,103.44341,110.08585,124.20573,145.01683,166.88013,183.19904,183.1889,177.82123
2,50346.4547,4141397.43676,147.28264,122.90117,33.219364,81.830185,93.721535,97.861908,90.2463,42.834972,8.2118254,2.4037857,2,2.2118256,7.2118254,90.384392,161.38438,120.36452,91.768311,106.60807,115.58868,131.34512,153.58868,179.04405,196,196.62794,187.17256
2,50346.4547,4113397.43676,135.13718,168.46773,35.558762,103.60915,127.60915,133.41734,111.60915,56.446072,12,4,2,2.5251951,9,92.633057,155.39568,119.47481,95.220551,104.74574,112.02873,125.47481,145.50354,166.36212,181.80818,182.03357,177.02873
6,51346.4547,4110397.43676,204.71729,177.26285,37.523506,111.41389,134.67456,139.8904,119.26285,60,12.372458,4,2,3,9,92,153.25508,117.41171,93.848953,102.84895,107.95299,121.41171,142.15105,164.41171,180.62755,180.67236,174.99443
1,52346.4547,4245397.43676,16.351776,131.11726,33,83.186485,95.135025,94.117256,80.186485,37,11,3,1,2,7,78.08699,172,119.06922,81.273476,105.72652,120.72652,140.88274,169.06923,198.47081,212.63953,212.89523,203.79575
2,52346.4547,4213397.43676,51.334785,113.65997,29.329983,73.548286,86.571625,81.459946,72.2183,38.329983,11,3,1,2,6.0883417,85.911659,170.55334,125.20502,89.205017,108.46999,120.91166,138.64668,160.465,183.20003,193.53,195.99501,196.02333
2,54346.4547,4263397.43676,711.74286,183.41103,54.494949,135.34123,147.34123,138.92805,124.89398,58.329247,15.247476,5.8342967,1,3.4829595,13.834296,72.497108,158.67075,102.92617,72.014153,83.574829,86.588982,112.42328,148.94032,188.74054,223.69069,219.49712,196.40913
2,54346.4547,4170397.43676,6.6992531,81.147346,23,55.232201,64.147346,58.212498,58.934853,31,8,2.9348514,1,2,5,91.767799,169.06516,127,93.832947,112.93485,124,141,161.29735,182.08485,193.10455,196.93484,193.06516
2,55346.4547,4178397.43676,174.24391,103.06361,31.934822,76.037537,81.999214,78.037537,78.050575,39.051357,9,3,1,2,6.9869647,87.157127,166.93561,122.0797,89.935608,105.37865,115.06518,132.3273,154.96167,179.09047,196.62135,198.62135,193.56999
5,55346.4547,4115397.43676,274.24759,179.52089,40.852669,117.14207,137.09456,142.09456,123.12127,61.24189,11.010398,4.0103979,2,3,9.4055376,88.584061,154.59447,115.96289,90.584061,100.18445,106.37337,121.15773,144.16812,168.38474,188.40553,188.98961,179.58406
2,56346.4547,4190397.43676,197.70811,108.81772,33.92617,80.886429,85.556511,82.783096,81.221474,41.226585,10,3.6649618,1,2,7,86.596245,168.30042,122.33504,88.335037,103.80751,113.10845,131.21179,154.17717,180,196.66496,198.66496,193.63545
2,56346.4547,4178397.43676,247.36029,109.4499,34.139149,82.24585,86.278297,85.449898,83.278297,41.1716,9.9675503,3,1,2,7.2040491,87.006844,166.22966,120.5919,89.006844,103.84716,111.8284,129.64996,153.62436,179.77034,200.146,200.94194,193.77034
2,58346.4547,4192397.43676,240.52766,109.78719,34.617493,81.635498,85.370354,84.722687,81.451172,40.60117,10.16801,4,1,2,7.1680098,85.615799,168.73485,120.04818,87.080818,103.34428,111.15995,130.31165,154.63133,181.68668,202.00806,201.85637,195.40051
3,59346.4547,4063397.43676,61.688114,117.12109,10.616013,54.717304,80.121094,79.505081,63.202587,41.101292,10.918509,3,1,1,6,99.817215,148.69751,127.02944,108.59621,108.08149,108.6777,120.13073,131.02943,144.59621,148.56677,152.56677,160.21222
2,60346.4547,4261397.43676,98.530273,145.27155,34.470501,92.448334,106.64729,105.27155,87.271545,38.176788,10,3.8010416,1,2,8,74,174.5295,116.90525,76.176788,100.82321,118.02217,141.8822,176.94012,212.02217,234.95479,230.66109,212.35271
2,60346.4547,4065397.43676,NoData,NoData,NoData,NoData,NoData,NoData,NoData,NoData,NoData,NoData,NoData,NoData,NoData,NoData,NoData,NoData,NoData,NoData,NoData,NoData,NoData,NoData,NoData,NoData,NoData
2,61346.4547,4056397.43676,76.303688,120.21204,12.298635,59.634155,84.412659,83.969673,68.830048,43.438263,10.778506,3,1,1,6,100.60822,149.0256,127.08186,109.60822,108.08186,109.46859,118.8297,130.66447,144.2215,147.79451,151.89726,159.87639
4,63346.4547,4061397.43676,2.9434524,102.85485,9.2767076,47.503422,70.131561,69.131561,55.371864,37,9.7596951,3,1,1,5,102.2403,150.31311,129.90485,110.7597,110.27671,112.27671,123,133.51701,146.33546,149.10875,153,163
2,64346.4547,4290397.43676,60.70797,118.05981,30.159966,80.915871,87.143944,90.143944,75,30,8,4,1,2,8,73.228073,176.01602,116.98398,75.159966,101.89985,119.85606,146,188.84004,227.84004,251,243,219
60,64346.4547,4173397.43676,292.25836,104.51286,32.35743,77.337685,81.337685,83.512863,79.337685,39.37328,9.5682096,3,1,2,7.5682096,85,167.39302,118.40887,86.015846,101.41594,110.05851,130.01974,156.0356,184.80191,209.19809,208.78215,197.84067
2,64346.4547,4115397.43676,366.0694,179.31021,42.536022,122.61363,137.69112,142.69112,127.19147,62.732944,10.691706,3.9612536,2,2.7304518,9.9612541,86.347038,156.8474,114.38092,87.577141,98.689209,103.27193,119.46885,144.18399,172.34705,195.26398,194.49478,183.60616
2,64346.4547,4060397.43676,30.257454,101.40416,8.2533207,45.98003,68.726707,67.930771,54.18409,36,9.5426188,3,1,1,5,100.7107,151.06923,128.50664,110.79594,109.79594,111.79594,121.7107,132.50664,145.52661,149.27328,153.25333,162.38815
2,65346.4547,4201397.43676,496.3721,116.54178,37.516094,87.718979,91.274139,93.274139,86.47702,41.758045,11,4,1,2.7580464,9,82.935242,169,117.55516,86.758049,98.1772,102.20977,123.20977,152.79062,188.09044,221.72548,218.6799,202.58086
2,67346.4547,4255397.43676,32.096821,133.58025,29.252787,82.773026,97.012901,92.580238,75.580238,36,9,3,1,1,7,73.747215,176.76012,118.74722,77.567337,101.25278,120.68545,144.68546,178,211.13467,232.56734,228.56734,214.12177
6,70346.4547,4213397.43676,234.08716,102.1345,29.89397,71.346199,77.272141,77.830391,68.987251,35.378166,9.8527517,3.1568599,1,2,7.5158033,78.368553,171.99039,117.95755,80.368553,99.778694,111.91633,134.55739,163.95879,194.99039,218.58986,216.36856,204.84314
4,71346.4547,4213397.43676,253.67679,102.2832,29.886297,72.283203,77.855469,78.314034,70.283203,35.427734,9.9691687,3,1,2,7.4585643,77.458565,172,117.5106,79.921844,99.515327,111.1137,133.14453,163.13982,195.1351,219.97408,217.91713,205.03084
2,75346.4547,4150397.43676,275.58292,107.18785,29.452484,76.510612,83.510612,84.994774,78.510612,39.658764,7.4973598,2.291081,1.206279,2.206279,7.291081,84.529037,167.65051,119.01848,85.407562,102.74059,112.13496,133.25644,161.32803,192.12675,217.9736,214.39935,201.29636
2,76346.4547,4048397.43676,221.92792,114.70007,21.272411,70.704002,91.63488,97.671288,92.638725,45.232075,8.9635143,3,1,1.9673644,7.1016822,95.902245,150.10561,121.93488,102.79671,104.55686,105.59335,116.82935,132.86575,151,160.30498,165.20329,166.20721
3,77346.4547,4217397.43676,13.904153,79.234489,21,48,59.234486,58,46,28,8,3,1,2,6,73.01078,174.23448,119.23449,76.057388,102.06817,121.7763,145.23448,175.05739,205.11971,223.88522,220.01079,209.11971
2,78346.4547,4136397.43676,178.33443,106.0104,26.982929,74.881645,82.887177,82.948784,77.94326,38.982929,6.9157863,2,1,2,7.0055294,85.994469,168.1629,119.14583,85.994469,106.10681,117.01707,136.10129,164.93286,193.92732,216.79256,213.82605,200.13477
2,82346.4547,4219397.43676,-1.2967398,74.768723,21,47,55.240879,55.768723,46.231277,25.386717,8,3,1,2,6,71,175.24088,118,74,102.76872,122.76872,146.23128,178.618,208.38672,227.61328,224.61328,211
1,85346.4547,4277397.43676,15.812951,106,26,64,76.373611,82.81295,65,30,10,4,0.18704879,2,8,73,175,115,74.81295,101,120,147,184.41017,220,238.11156,232.59723,218
5,85346.4547,4095397.43676,57.212406,97.106125,21.854557,69.397011,80.789612,76.469673,76.676643,39.247154,6.2181034,3,2,2,6.2874641,91.963112,162.50227,123.78862,93.181213,109.39602,118.17792,134.34457,153.10184,174.18233,187.32436,188.25499,186.88702
4,85346.4547,4050397.43676,732.32959,138.547,31.774681,101.73126,115.547,123.547,116.547,57.370914,11.593861,3.9976296,2,2.5927808,10.59041,79.633827,142.03738,102.45171,81.457535,83.441368,81.671211,97.262703,123.44589,155.21475,182.17155,181.99181,168.39923
2,88346.4547,4043397.43676,758.36694,135.96294,31.48147,100.71999,114.32176,122.32176,115.52088,57.591373,12.199117,4,2,2.6411762,10.199117,78.429321,141.1203,101.47314,80.672264,81.389908,80.217461,95.479118,122.58903,153.60774,182.15971,181.89009,167.15971
2,91346.4547,3998397.43676,821.664,132.27927,30.152061,100.32694,115.50387,117.32694,114.72568,56.750538,12.775398,3,1.8230767,2,9.8230772,78.943298,133.07254,98.120216,80.331032,78.555634,74.872803,87.049721,111.29714,140.02486,164.82587,166.52798,155.97719
2,94346.4547,4005397.43676,998.31451,141.70973,33.452885,109.70973,123.61652,127.00763,124.61652,62.163639,13.617549,3.6088941,2,2.6088941,11.617549,71.969597,127.92957,91.312019,73.960945,70.30336,65.654434,79.992371,105.64996,138.87639,167.1115,168.59581,153.53845
4,99346.4547,4250397.43676,1.7014033,91,23,58.988056,66,69,58,29,8,3,1,2,7,71.038353,174,115,73.973595,102,121,147,181,213,233,230,214.32591
2,100346.4547,4024397.43676,418.4577,100.96362,22.314919,73.085381,86.44796,93.400299,91.44796,42.267258,8.3149185,2.2007356,1,2,8,87.866959,151.06769,112.98114,90.229538,95.59211,98.666222,113.11535,135.81929,162.68509,182.65628,184.06653,174.2484
2,100346.4547,3995397.43676,669.19177,112.65599,25.062826,83.641937,98.216583,99.655991,98.641937,47.530338,11.014051,3,1,2,9.0140514,81.909073,138.90245,102.26498,82.909073,84.839622,84.016197,96.866913,119.8603,148.3278,170.97932,172.95123,162.34186
1,101346.4547,4024397.43676,373.83652,96.177208,22.011097,69.508621,82.508621,89.166107,88.478188,40.083054,8.0110979,2.0110977,1,2,8,89.563339,152.92804,114.30099,91.300987,96.916946,101.52181,115.88652,138.89761,163.69612,183.0222,184.3647,176.29276
4,105346.4547,4003397.43676,591.90997,104.1169,22.910448,76.206444,90.206444,93.116898,92.206444,43.78191,9.9104481,2,1,2,8,82.614449,143.12854,104.66502,83.665016,86.793556,89.614449,103.65343,127.01081,156.14012,178.4751,179.56465,169.03899
4,106346.4547,4244397.43676,2.3528888,87.910225,22,58.577431,64,67,59,30,9,3,1,2,7,71.910225,173,115,73.910446,101.08978,121,148,181.08977,213.91023,233.77568,229,214
2,111346.4547,4001397.43676,467.43826,86.881638,19.052574,62.184986,75.18499,77.554016,78.18499,35.763378,8.3417711,2,1,1.3690326,7.3690329,84.619812,148.27504,109.23662,86.31646,92.894852,96.53997,110.909,134.92316,162.31645,182.68654,183.71381,172.96158
4,112346.4547,4070397.43676,299.8251,73.625679,17.804052,53.412155,63.412155,63.765804,64.625679,31.017574,5.1401248,2,2,2,7.5905294,83.672142,164.19595,117.57963,86.598747,99.982422,108.90903,127.3919,153.78648,184.31027,207.94418,206.32785,194.26935
2,112346.4547,4000397.43676,381.0321,77.160667,17.0208,55.129227,67.139381,68.150513,69.195564,32.042088,7.0561843,2,1,1.0106444,7.0101547,87.922523,150.91335,111.91237,89.901726,95.902222,101.83539,114.90271,138.01459,163.97969,182.05667,184.94431,174.9792
1,112346.4547,3961397.43676,113.9231,19.678478,3.241606,11.753975,21.347666,12.040184,14.715199,8.1815567,5.6537414,0,0,0.63246787,1.6537414,101.79717,154.1201,123.79717,102.77384,109.48763,113.57684,124.48969,137.42964,154.01544,160.9554,166.9554,169.36171
2,121346.4547,3976397.43676,363.39563,59.456367,12.205179,39.79068,52.79068,48.995861,50.995861,23.870869,7,1,1,1,5.2051797,88.080185,149.95399,111.17514,89.414497,97.129128,101.69987,115.4145,137,162,178.71463,181.71463,173.49055
1,125346.4547,4055397.43676,448.67517,73.027382,19.062151,55.965229,61.845001,69.027382,70.998894,32.908257,7,2,1,3,9,78.976692,162.02959,110.93785,79.937851,93.904182,102.00629,122.99593,155.06326,191.06326,224.06326,220.08656,197.8757
2,126346.4547,4048397.43676,504.56793,78.406708,20.312653,59.195805,65.610207,74.508461,75.883148,34.625305,7.3595953,2,1,2.8982496,9.3595953,78.116852,158.60069,108.67995,78.633003,90.702446,98.444603,118.78956,152.60069,188.0699,221.27295,217.78909,194.9603
2,126346.4547,3982397.43676,287.75473,52.731796,10.49669,33.986759,45.564423,43.483452,44.564423,20.487606,6.2483449,1,0.24834508,1,5.2483449,88.503311,154.59633,113.41988,88.668221,100.75828,106.75828,122.42896,144.51239,169.41988,185.91902,187.24588,179.25496
1,129346.4547,3945397.43676,85.574486,28.594233,5.3841805,15.797116,26.345196,20.661974,22.210052,12.249038,5.8648567,0,0,1,3,103.42316,156.03899,125.20288,103.68322,111.97124,116.35577,127.51966,139.22063,156,163.53706,168.45192,171.83611
3,130346.4547,3944397.43676,110.89435,32.809002,5.9872656,18.391766,29.776903,24.391766,25.809,13.4045,6,0,0,1,3.4172347,102.2231,155.08966,124.64034,102.82523,110.68517,115.02547,126.6276,138.55173,155.49417,163.75754,169.01936,171.07693
2,133346.4547,4066397.43676,520.7359,69.977036,18.612221,54.364811,58.59079,65.769974,64.543999,30.705801,7.0467901,2,1,3,10,74.133934,161.00154,107.45447,74.387779,89.568504,99.021431,121.02143,157.06822,195.11501,230.54805,225.72723,199.54805
2,134346.4547,4058397.43676,848.2428,101.55555,26.891634,79.290565,85.920311,93.683495,92.290565,45.791859,10.63524,3,2,3,11.64383,66.108368,147.45045,93.236313,67.085686,73.843376,79.216728,101.19405,138.20815,180.47313,218.47313,213.85197,186.21364
2,146346.4547,3909397.43676,40.79586,76.032974,17.099691,47.808735,61.908424,68.933281,64.87101,32.572193,7.0248575,1,0.3605139,1.0248576,7.0374169,114.44036,158.56491,136.44037,115.44036,119.40295,119.40295,126.80088,132.26082,145.34796,148.88858,156.53477,165.97514
1,147346.4547,3910397.43676,103.33259,86.138344,18.818743,53.896667,69.879166,77.319603,72.337105,36.259182,7.1383424,1,1,1,8,111.74082,157.23996,134.06833,113.52627,116.04292,116.22417,124.87916,131.16376,145.62169,152.23376,159.25919,166.3196
1,147346.4547,3908397.43676,162.17665,93.673149,19.703962,59.265224,75.969185,83.969185,78.386292,38.422668,7.5828977,1,1,1.2988212,8.1210651,108.74034,155.8642,132.26376,110.72559,113.44152,113.15745,122.27851,130.58011,145.28687,153.84256,161.42267,165.40514
2,149346.4547,3909397.43676,163.10458,97.878632,20.538033,60.811012,78.348022,87.790794,80.804611,39.633289,8,1,1,1.5370102,8.0074196,108.88146,156.43971,132.80002,111.34547,114.33805,113.81486,123.35187,130.45454,147.45761,156.61308,163.14906,166.46402
2,150346.4547,3914397.43676,47.120445,82.111389,18.097582,50.580891,65.776054,74.916229,69.683075,34.292747,7,1,1,1,8,112.80483,159.08057,135.89923,114.71646,118.74984,119.71186,128.61427,134.89781,148.0518,154.33534,160.4709,168.90703
2,155346.4547,3940397.43676,381.60693,99.033897,18.505835,59.339108,78.339104,88.090492,80.596329,37.135422,7,1,1,1,7.9434037,86.607361,153.04492,110.99805,85.121803,97.435616,104.49222,118.98638,143.61597,170.30215,193.31381,195.12375,180.55077
4,156346.4547,3964397.43676,186.38657,56.274479,10,28.921444,42.274479,51.195927,43.274479,20.867542,5,0,0,1,5,87.107567,162.56404,114.92145,86,104.5145,117,134.67162,161.62231,189.5394,211.46085,211.32838,194.56841
1,156346.4547,3883397.43676,NoData,NoData,NoData,NoData,NoData,NoData,NoData,NoData,NoData,NoData,NoData,NoData,NoData,NoData,NoData,NoData,NoData,NoData,NoData,NoData,NoData,NoData,NoData,NoData,NoData
2,157346.4547,3911397.43676,120.4157,110.17922,21.667261,63.132957,84.159897,99.511955,87.132957,41.732845,8.0462637,1.0193219,1,1.6016755,9,110.62683,161.8495,136.01753,114.10904,117.22089,118.17462,128.01753,137.17564,155.3907,167.05797,171.11185,173
2,159346.4547,4031397.43676,751.32593,92.130341,23.572802,68.557541,76.593231,84.181297,82.181297,39.521843,9,2,1,2,12,63.050957,147.63902,91.603325,63.050957,75.4272,83.905357,106.47816,145.96431,188.76775,223.44246,219.01526,191.01526
4,160346.4547,4023397.43676,1146.5527,133.99086,33.66526,102.65917,113.6573,120.65917,120.6573,61.660339,13.665261,3.9962506,1.3316925,3,15,54.336617,131.00305,78.669479,55.33474,59.671352,62.006092,82.6744,120.01172,166.00609,203.66948,201.33215,171.67136
1,161346.4547,3926397.43676,490.70724,123.35089,24.294622,81.327461,99.83918,111.54456,104.07394,47.193661,8,1,1,2,9.9401398,85.12439,149.67253,109.76991,85.14315,94.14315,97.930725,112.84853,136.6877,164.76524,188.95889,190.72414,176.48938
2,162346.4547,3915397.43676,116.83766,118.79544,22,62.990833,86.990829,106.79544,89.88855,42,9,1,1,1,9,109.81377,164.43034,136.94464,112.43034,117.90688,120.29031,131.10228,143.70233,162.66458,178.07658,181.80461,179.80461
1,163346.4547,3920397.43676,468.84415,128.97289,25.989452,85.78199,104.315,116.46097,108.91741,49.864582,8,1.8751301,1,2,10,87.326302,151.85667,112.29646,89.023735,96.296455,99.484703,114.27536,135.9306,163.19879,186.05283,188.90498,175.52246
1,163346.4547,3913397.43676,233.24228,130.56071,25.206863,76.751793,100.04597,116.77609,102.46615,47.269871,9,1.6428238,1,2,9.921216,102.30269,159.50749,128.31847,104.73866,110.52327,113.66712,125.94552,140.2921,161.93492,179.64076,183.36237,177.57256
2,164346.4547,3922397.43676,664.7818,125.88468,25.800785,88.402359,104.49718,115.80079,110.60157,51.60157,9,2,1,2,11,78.985138,144.5867,103.47138,80.502815,86.173416,88.985138,104.10046,128.99608,160.40936,186.50281,188.59764,171.78592
1,164346.4547,3910397.43676,97.357346,121.70529,22.635265,64.014961,89.335251,109.64684,91.227043,42.428497,9,1.1082101,1,1.1082101,9,111.99035,166.78358,140.36378,116.09856,120.88309,122.09856,132.5715,143.31497,163.05846,177.63622,181.74347,179
1,166346.4547,3914397.43676,200.61014,131.36201,24.422508,74.083405,98.715599,117.79031,100.79874,45.994213,9,1.5574896,1,1.5574896,9.5574894,103.63799,162.51721,130.87897,106.4683,113.70691,116.2644,128.01443,144.18968,165.62085,184.2386,187.68112,180.38223
4,167346.4547,4012397.43676,723.05103,96.810066,23.894791,69.915276,79.247223,86.247223,84.247223,40.020489,8.3319426,2,1,2,12,61.437153,145.54236,89.363022,61.437153,75.542358,84.647568,107.15885,145.80017,188.64757,221.97951,218.33612,190.33612
1,167346.4547,3915397.43676,229.11075,132.18689,25.176197,76.754967,100.57877,118.52913,102.55903,46.96051,9,1.1959435,1,2,10,100.38174,161.77362,127.79337,103.33156,111.5275,114.93268,127.45113,143.95036,167.48155,185.98079,188.85423,181.15906
1,168346.4547,3935397.43676,261.14722,105.56683,19,58.566833,78.566833,95.650375,81.566833,37.650372,6.1825485,1,1,1,8,89.356621,160.27309,115.18255,88,103.53217,113,129.35663,154.13141,182.31395,205.73392,206.14688,189.18256
3,168346.4547,3915397.43676,275.64771,136.99454,26.528656,83.233185,106.01365,122.7673,108.72363,49.038208,9,1.7099878,1,2,10,97.534111,159.04367,123.51501,99.61599,108.12554,111.86082,125.67178,143.57233,167.91812,187.50955,190.42767,180.3076
2,169346.4547,3935397.43676,282.73306,107.10535,20,60.459766,80.459763,98.070236,83.459763,38.035118,6,1,1,1,8,87.850685,159.96489,113.9456,87.22094,102.61047,112.5368,127.96488,154.57535,183,206.46321,207.35442,189.07367
1,170346.4547,3883397.43676,27.552191,76.453796,18,48,61.212353,76.879509,65.120956,33,6,1,0,1,7.2123518,111.24097,162,137,113.90813,121,123.02909,132.9709,140.9086,154.9086,161.18326,167.9709,172.87952
2,184346.4547,3889397.43676,251.61462,96.998238,20.992764,61.998241,75.998238,96.743256,85.245987,40.502739,7,1,0,2,9.9927626,102.99452,162.49727,128.51173,104.50701,112.99452,114.25925,127.98478,144.49727,165.74251,183.23801,186.50273,179.75224
2,185346.4547,3850397.43676,201.07501,72.087509,13.830913,51.256596,58.256596,81.256599,72.312317,36.650486,5.8309131,1,0,1,6.8309131,110.15775,160.4496,134.16908,111.02267,114.18043,115.64137,124.57432,135.36086,151.33818,164.18042,171.28052,172.06705
4,185346.4547,3849397.43676,261.82706,77.749268,14.911106,56.749268,63.749268,85.838158,77.861038,38.924049,6,1,0,1,7,107.26668,159.2106,132.07596,110.79633,112.07595,113.9051,122.08589,133.27962,150.19073,164.20367,171.22354,172.00993
4,186346.4547,3844397.43676,120.50443,69.108994,13,47.931904,55.931904,77.673248,69.574951,33.465954,5,1,0,1,6,111.53405,164.0681,136.25865,113.43575,118.35418,120.42505,130.0681,139.53404,155.27539,166.88823,173.45248,174.53404
2,187346.4547,3852397.43676,125.75846,66.967407,13.403021,44.612083,52.967411,76.209061,66.967407,33.209061,5.4030204,1,0,1,6,111.19218,163.91537,135,111.83686,118.03082,120.38792,129.95407,140.30763,155.86591,168.19218,174.35533,175.02905
6,187346.4547,3842397.43676,107.5415,70.59285,12.600856,48.154007,56.59285,78.193703,70.59285,33.577003,5,1,0,1,6,112.78244,164.83015,136.82214,113.60085,119.1896,121.83015,131.80629,140.44685,156.269,168.47855,174.8857,175.44685
2,193346.4547,3823397.43676,301.59048,90.586876,14.293889,65.086655,73.292992,96.792763,88.586876,40.293438,6,1,0,1,6.4997749,109.41267,162.00044,133.41267,110.91245,112.41267,112.82721,122.49881,134.70656,153.20909,171.50253,178.41454,174.12296
2,204346.4547,3918397.43676,785.13177,113.67197,23.6658,80.671974,90.997398,109.67197,103.6632,50.3316,9,2,1,2,12.6658,70.008774,148.97475,99.027847,70.353271,82.325424,87.659622,107.01289,140.00259,177.98352,211.98352,210.30017,184.97475
2,204346.4547,3917397.43676,769.71893,112.63757,23.218107,79.692139,90.419464,108.69214,102.63757,49.436214,9,2,1,2,12.272669,70,149.61835,99.016747,71.509224,83.492477,87.853203,107.59728,140.6351,178.56378,212.56378,210.58054,185.50923
2,206346.4547,3915397.43676,711.98242,107.8826,22.175455,75.677582,85.82177,104.82177,97.882599,47.441299,8.2050152,2,1,2,12.175455,71.824547,153.29988,102.32944,72.61953,86.063606,92.093163,111.32242,144.49788,181.85858,215.41452,212.87834,187.73416
2,208346.4547,3882397.43676,469.63226,94.427597,18.708752,64.792168,73.886292,95.959618,89.324188,42.54171,7.635427,1,0,2,10.635427,90.749542,162.29085,119.65542,91.55201,102.45789,106.38456,123.38456,149.50877,178.48837,204.90588,206.6651,188.55241
1,209346.4547,3912397.43676,615.80896,99.739525,20.13006,68.617439,77.746521,97.618408,89.739525,43.37326,8,2,1,2,11.129086,75.741829,156.63374,105.62576,74.877914,90.498627,98.502701,118.25348,149.63374,186.62674,219.63374,217.63374,191.74785
2,214346.4547,3769397.43676,NoData,NoData,NoData,NoData,NoData,NoData,NoData,NoData,NoData,NoData,NoData,NoData,NoData,NoData,NoData,NoData,NoData,NoData,NoData,NoData,NoData,NoData,NoData,NoData,NoData
4,214346.4547,3767397.43676,114.45669,85.664566,9.327035,54.664566,63.664566,83.664566,69.834343,29.995802,3,1,0,0,4,120.15928,166.0042,143.67717,122.67716,122.67297,123.0042,131.17615,139.50101,152.67296,166.34174,175.0042,176.67296
2,215346.4547,3914397.43676,553.48505,90.441788,18.968071,60.911438,69.473717,89.176613,80.879509,39.751122,7.2651763,1.8149815,1,2,10.814981,75.329033,160.76675,106.75953,75.574509,93.341263,102.79146,123.67937,157.49435,193.51405,225.91985,222.87885,197.06386
2,215346.4547,3768397.43676,98.297791,85.10704,9.6003599,53.876614,62.876614,82.860794,69.10704,29.86161,3,1,0,0,3.7537506,119.985,167.10867,143.52222,122.52221,123.38464,124.12339,132.87714,140.84743,153.26207,167.1395,175.23044,177.12257
4,217346.4547,3766397.43676,85.725746,84.044815,9,53.044811,61.913055,81.421555,68.044815,29.339176,3,1,0,0,3.4812167,121.28408,166.9449,144.67111,123.29436,123.64383,125.16261,133.16261,140.42612,154.01028,167.27379,175.66083,177.93462
2,218346.4547,3766397.43676,36.261986,81.097115,8.6852713,50.097115,58.904587,78.097115,65.097115,28.070322,3,1,0,0,3.1925251,122.61495,168.97321,146.54463,124.97321,125.54462,127.09541,135.09541,143.30858,155.18637,168,176.04353,179.35826
2,219346.4547,3849397.43676,495.74008,102.25218,16.890417,71.081963,79.081963,108.08196,98.741524,43.78857,7.1702209,1,0,1,9.2779064,94.706604,165.15079,125.31328,97.706604,103.97868,107.25075,122.19595,146.04121,174.87099,202.93747,205.82205,188.87683
2,220346.4547,3850397.43676,617.32257,110.7383,17.463276,78.393105,86.393105,115.92982,104.88361,47.292316,7.4632769,1.3914106,0,1.3914106,10.391411,89.042946,160.78113,119.46159,91.651535,97.234482,100.02396,115.95209,141.07018,171.36407,200.77954,203.12474,185.36249
2,220346.4547,3849397.43676,534.22327,105.47874,17.024342,73.532715,81.532715,110.81918,100.56236,45.2272,7.0243421,1,0,1,9.9460239,93.121544,164.35933,122.85641,96.121544,101.51597,105.18082,121.04852,145.38367,174.6458,202.68919,204.79713,188.35403
4,220346.4547,3765397.43676,NoData,NoData,NoData,NoData,NoData,NoData,NoData,NoData,NoData,NoData,NoData,NoData,NoData,NoData,NoData,NoData,NoData,NoData,NoData,NoData,NoData,NoData,NoData,NoData,NoData
1,221346.4547,3826397.43676,837.34912,129.63057,18.442833,95.212196,102.70145,133.53819,117.60908,52.535206,8.5107422,2,0,1.5107418,11.510742,84.387939,149.9451,111.8772,87.94809,88.803322,86.85273,100.34199,124.15676,154.29854,186.45883,189.01898,173.36943
2,226346.4547,3849397.43676,1138.5194,135.87703,22.049734,103.54393,111.03672,135.1604,124.21013,58.766369,10.6669,2,0.77686149,2.3828342,13.6669,67.630173,139.45607,95.95208,71.61898,71.690407,69.46978,85.246643,113.75063,150.07324,186.74335,187.74335,167.74335
4,240346.4547,3926397.43676,460.89047,66.058838,14.661313,43.397522,48.092957,65.397522,59.058834,31.465767,6.9658771,2,0.66131264,1,9.6613131,70.500107,169.5842,108.55007,70.338684,95.338684,109.74562,135.77974,175.5842,215.53423,250.19554,244.27963,212.69565
2,240346.4547,3770397.43676,287.15689,103.11665,9.8893032,65.107712,74.660835,100.56131,80.107712,34.667912,4.4446516,1,0,0.44465178,4.8893037,113.11555,165.32092,137.55125,116.99591,115.58254,115.69324,126.12894,138.99591,155.22139,175.90048,183.98883,179.24152
2,241346.4547,3924397.43676,551.18683,73.301796,15.937637,49.35194,54.35194,72.332977,67.289574,34.856312,7.9688187,2,0.96881878,1.9688188,9.9688187,68.485413,166.74507,106.47319,69.062363,90.927422,104.61688,130.02771,170.23723,210.60466,246.1559,240.55452,210.13147
4,242346.4547,3921397.43676,687.56494,85.246132,18.394186,58.894138,65.066345,84.066345,79.073929,40.933559,9.1797905,2,1,2,11.214396,66.460625,161.85963,103.03942,66.613396,85.852043,96.534653,121.46545,161.28566,203.50005,239.89424,235.64523,203.85205
8,242346.4547,3772397.43676,NoData,NoData,NoData,NoData,NoData,NoData,NoData,NoData,NoData,NoData,NoData,NoData,NoData,NoData,NoData,NoData,NoData,NoData,NoData,NoData,NoData,NoData,NoData,NoData,NoData
2,243346.4547,3769397.43676,538.64648,118.19636,11.437023,80.070404,88.633385,116.63338,94.196358,40.322311,5.4370232,1,0,1,6.8852882,102.84264,158.73918,128.85388,106.80364,105.85389,103.49257,113.76463,130.20166,151.0367,178,183.56297,176.59967
4,244346.4547,3766397.43676,318.10541,104.57403,9.6854782,66.33445,75.33445,101.01992,80.01992,34.926781,4,1,0,0.44589734,4.6854777,112.70226,164.27782,136.59233,115.49595,115.35275,114.77548,124.66555,137.49767,155.18315,176.14491,183.20459,179.18315
8,245346.4547,3767397.43676,318.46555,104.95854,9.7256851,66.764198,75.764198,101.68423,79.958542,35.139523,4.2656684,1,0,0.26566839,4.7256856,112.2916,164.36668,137.21851,115.55727,114.91531,115.45529,125.22716,137.94044,155.43112,177.26567,183.46002,179.23679
2,247346.4547,3771397.43676,NoData,NoData,NoData,NoData,NoData,NoData,NoData,NoData,NoData,NoData,NoData,NoData,NoData,NoData,NoData,NoData,NoData,NoData,NoData,NoData,NoData,NoData,NoData,NoData,NoData
2,247346.4547,3766397.43676,224.63698,98.822876,8.6464863,60.384869,69.384872,94.352196,73.267708,32.522499,4,1,0,0,4.4380069,116.60149,166.47749,140.57564,119.04632,119.49114,119.1703,130.04631,140.66695,157.37936,176.55518,184.20848,181.47067
4,247346.4547,3765397.43676,167.08751,94.277946,8.0868158,56.920971,65.434326,89.277946,69.191132,30.930435,3.8436198,1,0,0,3.8436198,119.22594,167.58292,142.49611,121.98275,121.76627,122.65249,132.49611,142.49611,157.51335,175.44379,184.08682,181.51335
4,248346.4547,3766397.43676,280.35855,102.45377,9.4664536,63.987312,72.987312,98.656975,76.453766,33.871979,4.2363091,1,0,0.23630881,4.7027621,114.4522,165.09404,138.3851,117.19511,116.95881,116.48531,127.1819,139.08788,156.60065,177.23631,185.23631,180.83078
4,249346.4547,3816397.43676,182.95433,107.52855,12.544951,59.067684,72.528549,109.16766,85.102951,36.729012,6,1,0,1,5.5449519,108.72022,174.36089,138.27098,112.78068,118.78068,124.1652,139.15164,155.9101,178.45505,201.27396,205.75845,195.03526
2,249346.4547,3763397.43676,145.84383,91.762527,8.0231209,55.510967,63.510967,86.105995,66.762527,29.618145,3.3203471,1,0,0,3.2515571,119.35873,169.15341,143.17596,122.78683,122.10718,123.01527,133.06093,143.71803,158.5415,176.25156,183.25156,181.65652
4,250346.4547,3770397.43676,NoData,NoData,NoData,NoData,NoData,NoData,NoData,NoData,NoData,NoData,NoData,NoData,NoData,NoData,NoData,NoData,NoData,NoData,NoData,NoData,NoData,NoData,NoData,NoData,NoData
2,250346.4547,3767397.43676,279.24921,103.04797,9.5353947,64.443962,73.443962,98.979362,77.006531,33.975006,3.9728301,1,0,0,4.5353947,113.96848,166.12296,139.48959,116.53104,117.51677,116.06426,127.02282,139.13506,157.13722,178.46678,185.04144,180.90204
4,251346.4547,3817397.43676,395.47903,123.7312,12.31661,73.845184,87.731201,128.34401,100.97723,42.296192,6.6833901,1,0,1,7.6833901,100.1344,169.02042,130.56499,103.5216,109.64235,113.20499,129.52159,150.24838,177.02719,205.32338,209.43736,194.86795
6,251346.4547,3816397.43676,267.94196,114.69582,12.602406,65.020966,78.825096,117.29823,91.427498,39.075535,6,1,0,1,6.6024055,105.18385,172.7952,135.84308,109.51793,114.78625,119.31312,135.51793,154.58453,178.80412,203.87967,208.2048,195.19588
2,251346.4547,3769397.43676,NoData,NoData,NoData,NoData,NoData,NoData,NoData,NoData,NoData,NoData,NoData,NoData,NoData,NoData,NoData,NoData,NoData,NoData,NoData,NoData,NoData,NoData,NoData,NoData,NoData
2,251346.4547,3767397.43676,128.74544,92.739143,8.1683035,54.570839,63.33886,87.372238,66.33886,29.968872,3.4002841,1,0,0,3.4002841,120.26311,169.0303,144.86282,122.39803,123.09563,124.22973,134.59746,144.89537,159.59889,176.5352,185.26537,182.8317
2,255346.4547,3767397.43676,NoData,NoData,NoData,NoData,NoData,NoData,NoData,NoData,NoData,NoData,NoData,NoData,NoData,NoData,NoData,NoData,NoData,NoData,NoData,NoData,NoData,NoData,NoData,NoData,NoData
2,257346.4547,3766397.43676,117.34986,91.168083,7.6955585,53.866276,61.28252,84.86364,63.698769,28.972237,3.4162455,1,0,0.053070143,3.111804,119.63664,170.21776,145.49971,123.05289,123.63664,125.2986,134.85722,146.3322,161.5864,178.55862,186.41624,184.02513
2,259346.4547,3768397.43676,NoData,NoData,NoData,NoData,NoData,NoData,NoData,NoData,NoData,NoData,NoData,NoData,NoData,NoData,NoData,NoData,NoData,NoData,NoData,NoData,NoData,NoData,NoData,NoData,NoData
2,259346.4547,3767397.43676,207.67603,98.562126,8.0036821,59.630787,67.630791,93.315506,69.773544,31.79595,3.8961337,1,0,0.10754863,3.8961337,117.12996,168.16884,141.91853,119.8462,120.95007,120.37289,131.98352,143.59958,159.06497,179.86093,186.86093,183.64215
4,262346.4547,3817397.43676,729.08447,137.00204,14.989143,90.959961,99.989143,146.99661,112.98371,46.989143,8,1,0,1,10.994572,85.03257,160.02716,117.02918,90.03257,94.038002,95.050896,113.04343,139.03799,171.02173,206.01628,209.01086,189.02376
4,264346.4547,3819397.43676,673.46783,137.69145,14.096879,88.637695,99.13121,148.59457,112.246,46.342884,8,1,0,1,10.885204,86.842079,162.29976,119.05375,90.529343,96.023598,98.529343,115.80775,142.59607,174.93895,209.34439,210.56024,192.57816
4,267346.4547,3820397.43676,701.83771,135.91483,14.641712,87.925133,98.266479,147.11307,111,46.641712,8.4265223,1,0,1,11,85.256157,161.75478,116.89787,88.989685,94.723206,96.938393,115.25616,142.2731,175.38187,210.35829,212.13,192.69963
2,288346.4547,3811397.43676,166.77179,108.43495,10.097551,52.217476,70.337402,106.71908,76.621529,35.119926,7,1,0,1,5.2841239,108.88007,174.18657,137.45413,111.88007,119.04427,124.88007,142.1642,160.88008,183.44832,208.42642,212.44832,200.1642
2,288346.4547,3809397.43676,144.06183,105.09957,9.1792717,51.537815,67.741028,102.45382,73.099571,34.358543,7,1,0,1,5.1792717,111.2872,174.79678,139.43825,113.64146,121.26327,125.48612,143.46648,160.6261,183.01535,206.22714,210.38248,200
2,289346.4547,3807397.43676,233.94295,114.12276,10.137856,57.313919,74.389954,113.62784,81.527809,36.618942,7.4810853,1,0,1,6.0760369,107.21922,172.51892,134.76212,109.73813,117.16717,121.28104,138.35707,157.2672,180.80032,207.56689,210.61894,198.94795
2,290346.4547,3816397.43676,297.40558,117.8686,12.374628,57.367111,78.243225,120.46885,88.617851,38.225624,8.6429739,1,0,1,7.3746281,101.38215,172.66809,130.38214,104.1138,113.38215,118.90578,138.00752,159.77438,186.851,216.39223,218.60025,202.41736
2,292346.4547,3825397.43676,1270.1207,113.50652,16.747965,87.929543,90.436638,108.94186,97.295006,48.141632,10.605757,2.5364518,0.60575634,3.1422081,12.182156,57.998127,142.18086,93.323067,65.687378,66.564514,66.25074,85.969925,119.14149,159.39294,203.74667,201.81598,178.71732
2,297346.4547,3816397.43676,349.82617,115.08746,12.22487,61.051071,76.844398,118.2595,88.791565,37.809765,8.2248697,1,0,1,7.8097634,98.258377,171.96536,128.79332,101.26126,110.93073,117.03639,136.84616,159.01819,187.5849,218.75693,221.48212,204.5849
2,304346.4547,3869397.43676,883.59515,76.49144,15,57.380344,58.491444,80.214569,76.602539,38.325668,11,2,1,2.888901,10,65.785431,163.18289,104.18289,69.50856,82.081276,91.755608,117.19238,156.23932,199.80255,241.12822,236.34279,207.29399
2,310346.4547,3806397.43676,161.01239,96.979874,9.317955,58.343964,62.661919,95.297829,70.953865,31.317955,5.3179555,1,0,1,5.3179555,114.33808,176.68204,138.94798,116.02013,123.33808,127.65604,145.36409,162.96327,184.58389,208.95387,213.59918,201.58389
2,332346.4547,3782397.43676,312.49976,104.50699,11,74.459457,69.459457,100.67174,76.848122,31.223913,5.2239132,1,0,3,7.2239132,114.98713,178.34113,140.9292,116.88167,122.15188,123.42332,140.21104,158.72856,183.78772,213.89441,217.44783,204.49413
2,333346.4547,3783397.43676,388.42584,108.39515,11.502213,77.506149,72.506149,104.4509,81.395149,32.948681,6,1,0,3,8.4464693,110.99165,177.99557,138.49385,113.04689,118.5496,120.10706,136.60484,157.49779,183.55353,216.83769,219.94475,204
2,333346.4547,3774397.43676,539.34113,114.38248,12.890975,85.672928,80.273453,107.78195,86.273453,35.536129,6.6451526,2,0,3,9.890975,103.83558,174.5085,132.58975,107.9446,111.83558,112.5005,128.19043,150.017,178.10902,214.15366,218,201.46387
2,335346.4547,3772397.43676,669.09235,115.65496,13.654963,89.684196,84.673805,108.65496,89.684196,38.673805,7.0188427,2,0,3,10.029233,97.238495,171.02666,126.63354,102.60238,105.62315,104.93896,122.61276,145.32619,175.35542,214.38466,217.36581,200.30736
2,338346.4547,3775397.43676,242.60799,101.81693,10.188699,71.816925,66.816925,97.816925,74.816925,30.250826,4.4558101,1,0,3,7.0621266,121.37178,182.14053,146.82759,123.43622,128.04254,128.82759,144.4339,161.07841,183.64452,212.36111,217.25082,205.64452
5,342346.4547,3830397.43676,791.3717,80.839432,12.736451,59.084549,59.820999,84.660431,73.575882,32.839436,9,2,1,4,9,76.275467,169.55745,113.13334,80.04879,89.888222,100.60624,125.52169,160.60625,203.10637,243.20935,241.4729,214.45447
2,342346.4547,3798397.43676,424.45419,99.273483,12,72.556046,68.524261,99.524261,80.524261,32.887516,6.9192986,1,0,4,9,104.44395,178.11249,134.33147,106.19318,113.99133,120.52466,138.91969,163.19319,194.0807,228.20186,230.25078,212.0807
2,344346.4547,3777397.43676,337.96237,106.54045,11.57145,77.50946,71.540451,102.54045,81.111908,32.571449,5.5714507,1,0,3.5714507,8,116.34764,183.4081,143.83664,118.6832,124.88809,125.90855,142.43909,161.49054,188.58199,219.96901,224.55099,209.97955
2,347346.4547,3788397.43676,368.8175,100.70057,12,73.700569,67.700569,98.700569,79.425797,32.937286,6,1,0,4,8.7252302,111.36214,182.37996,140.18814,112.74378,120.25696,125.15009,142.5742,164.95584,194.02466,228.34358,230.17401,213.44878
5,347346.4547,3773397.43676,511.58069,111.6634,12.671165,85.304672,78.676895,105.99223,87.00573,36.663403,6.6499057,1.6711653,0,4,9.6499062,107.3395,179.32397,136.353,111.30961,116.353,116.05318,133.95863,156.25845,184.64418,221.58438,224.91322,207.98651
6,348346.4547,3839397.43676,1078.4735,67.927353,11,51.042721,51.165234,65.883904,58.956551,29.165232,9,2,1,4,9,62.244293,160.03635,102.04987,67.876755,76.12178,84.841179,110.53204,148.9637,195.50284,240.12965,236.12178,208.25217
2,349346.4547,3773397.43676,583.64325,113.17627,13.464033,87.54702,81.378647,107.17627,89.741493,38.666405,7.1011863,2,0,4,10.269559,102.87987,177.3257,132.78658,107.44508,112.02689,112.85377,130.78658,153.62135,183.33359,222.34149,224.77628,206.86957
2,352346.4547,3794397.43676,393.89832,96.523911,12.130977,70.523911,65.523911,94.654884,77.785858,33.261955,6.1309767,1,0,4,9.1309767,107.34417,183.60518,137.34416,109.3523,118.21224,123.34606,143.47609,166.739,197.00813,232,234.13193,216.73709
2,352346.4547,3774397.43676,320.10916,106.79356,11.705723,76.28421,70.788521,103.08783,82.289246,33.494247,5.2892432,1,0,4,8.2892437,119.8101,186.42654,147.30434,122.30434,128.51582,129.80507,145.72226,165.42151,190.71579,222.90714,226.91217,212.78996
2,354346.4547,3800397.43676,827.03986,102.28485,13.65697,77.313942,73.656967,100.43352,87.119576,37.174362,9,2,0.34302953,5,11,81.050484,168.25916,116.23915,85.727455,92.707458,99.369644,121.5331,152.72746,190.75655,233.11958,233.28824,208.77655
2,354346.4547,3769397.43676,170.08664,95.956955,9.5684156,64.688995,63.195721,94.253883,72.419693,28.28566,4.2381477,1.0141766,0,3.2239709,7.2381477,131.05527,189.59885,156.53436,133.07224,137.41388,138.20689,151.10278,165.94049,188.31329,212.85408,219.49545,210.54007
1,356346.4547,3823397.43676,612.77087,79.908234,12,59.90823,59.90823,83.908234,75.116478,31.844454,8,2,1,4,9,85.611107,174.9469,120.40286,86.767044,99.038673,111.72758,136.67488,169.15515,207.72798,246.0004,245.20825,219.27202
4,356346.4547,3799397.43676,839.14435,102.41187,14,77.72934,74.073051,100.11497,87.458679,37.343708,8.9269505,2,0.34370944,5,11,80.037209,168.60478,115.87055,85.823753,92.016655,99.063454,121.13633,152.4538,191.65141,234.33882,234.06816,208.65158
2,356346.4547,3775397.43676,540.89264,111.82577,13.613683,85.180191,79.037857,106.82577,90.297119,39.212086,7.2120876,2,0,4,10.471349,105.66502,179.94687,135.4908,109.99404,114.34846,116.75005,135.13637,157.91496,187.63029,225.90485,228.5984,210.91496
2,358346.4547,3777397.43676,511.51682,109.70934,13.135143,82.576691,76.709335,105.70934,89.551323,38.867352,7,2,0,4,10.135143,107.31353,182.158,136.71397,110.84911,116.44618,119.31353,136.58382,159.44867,190.02536,227.16051,230.13264,212.158
2,359346.4547,3834397.43676,907.94891,73.316238,11,49.823048,52.818275,75.269028,62.938381,28.478781,8.8374567,2,1,4,9,70.919205,168.43156,109.4452,74.459602,85.602966,97.421242,122.91443,162.09616,207.77992,249.47401,246.77583,217.77107
2,361346.4547,3776397.43676,430.00146,106.1492,12.823321,76.972519,72.1492,101.88998,84.972519,37.889973,7,2,0,4,10,113.20415,185.91745,143.04338,116.47928,122.11002,124.36926,142.3026,163.9841,192.74077,228.06665,231.93335,214.24333
4,363346.4547,3778397.43676,317.1539,97.697311,10.998245,66.051704,63.051708,93.699066,75.052666,34.350891,5.9982452,1,0,4,8.9972849,120.29918,190.00351,148.30093,124.59293,129.29918,132.65182,150.29742,169.65182,196.65007,230.00096,232.00272,218.29646
1,366346.4547,3805397.43676,562.13666,91.53894,13,67.53894,65.53894,94.290718,84.255325,35.739296,8,2,1,5,10.751775,94.352829,177.54433,126.49645,96.187874,105.4007,116.15248,139.15248,167.28362,204,241.3315,242.2961,218.49644
2,368346.4547,3832397.43676,971.30341,69.261818,10,46.078903,49.419628,69.44474,58.261822,26.078903,8,2,1,4.0789037,8.0789042,67.941925,167.05089,106.36516,71.941925,82.365158,95.207352,121.12912,160.70589,207.63058,249.52229,246.86662,216.78772
12,370346.4547,3821397.43676,795.32227,74.1446,11,52.528225,54.144596,76.528229,67.896744,28.75215,8,2,1,5,9,76.271553,171.12949,113.13578,77.528229,90.280373,104.28037,130.27156,166.27156,209.75215,250.74962,248.37733,219.39874
2,370346.4547,3820397.43676,702.10492,76.903831,11.450364,55.906376,56.456009,79.906372,71.906372,30.450363,8,2,1,5,9,80.903267,173.90382,115.90327,80.911461,95.354195,109.35419,134.90581,170.45036,211,251.54343,249.44838,220.45291
1,373346.4547,3830397.43676,1112.4763,65.891426,10,46.823318,48.04047,62.95953,55,26.195202,8,2,1,5,9,60.290943,158.74945,99.7033,65.56913,74.858032,86.141899,112.35905,152.55424,199.39952,244.18237,240.39952,208.55424
2,376346.4547,3803397.43676,891.83746,85.726547,12.099247,65.674591,61.987274,86.220039,78.299667,33.853466,8.312686,2,1,5,11,74.413574,167.5601,110.7586,79.21508,88.200134,97.430969,122.29938,156.62701,198.05167,242.28006,240.09895,212.26511
4,379346.4547,3789397.43676,503.15771,106.08007,13.759068,74.879173,71.839134,107.22256,93.981628,42,9,2,1,5,12,102.91592,183.77744,135.97835,107.01837,115.5325,123.01837,144.25931,169.2009,201.89755,239.48587,241.34338,220.34338
2,379346.4547,3788397.43676,582.16388,110.03753,13.981974,80.238663,76.29921,112.25669,98.958961,42.939457,9,2,1,5,12,98.421082,180.62222,131.42108,102.70079,110.08356,117.76134,139.05907,166.19966,199.46133,239.29773,240.35828,218.41882
1,381346.4547,3779397.43676,151.84135,85.650528,8,41.584122,51.617325,83.318893,67.650528,27.617325,6,1,0,4,8,132.41588,199.34947,160.73215,136.9668,142.39804,146.40051,164.33163,181,203.45155,232.0332,235.40051,225.43372
2,393346.4547,3792397.43676,1078.9789,96.039688,14.271559,73.768127,71.039688,95.039688,88.039688,39.768131,10,2,1,6,12.271559,66.071442,158.75143,102.51957,70.818779,79.479881,87.479881,111.52643,147.05064,189.3222,235.3222,232.86533,204.06955
2,406346.4547,3785397.43676,767.18488,115.33391,15,81.41832,81.966232,115.46349,102.94935,44.418324,10.928213,2,1,5,12.85353,85.501518,174.04517,120.43262,89.776268,98.50441,107.50441,131.59308,163.53818,199.2972,243.18739,242.09583,216.13383
3,407346.4547,3763397.43676,267.01035,103.08987,12.615725,62.572857,68.539955,102.4134,87.858414,36.720615,8.6157246,2,0.6486311,4,11.587886,124.56494,195.76855,153.24648,126.82929,134.56494,138.24648,156.34013,176.21358,202.35643,234,238.93925,225.32353
2,409346.4547,3783397.43676,719.30432,120.5647,15.012897,83.017654,85.544647,120.55656,106.51717,46.004761,11.006449,2,1,5.0145836,13.012897,89.486336,176.43066,123.50906,93.502609,103.05231,110.93018,134.49448,165.42422,201.51004,243.43166,243.84633,217.48901
2,418346.4547,3724397.43676,20.374113,64.789665,6,36,41.789669,61.789669,51,22,4,2,0,2,6,130.25638,190,156.38992,131.04604,136.51276,140.13354,154.46671,170.21033,189.04604,210,217.60025,211.51276
4,420346.4547,3787397.43676,723.00647,118.45905,15,78.152931,83.270576,115.45905,102.94525,43.549091,11,2,1,4.6038404,12,87.541397,177.42377,122.42376,90.792572,101.69434,111.86341,136.34166,167.87466,205.4317,248.44296,247.36087,220.4785
2,420346.4547,3738397.43676,56.229416,68,7,39,44,62.147919,55,24,5,2,0,3,7.573657,132,195.74242,159.89034,132.42635,140.53601,143.25758,159,177.57365,198.42574,223.10966,229.42574,221.31607
1,421346.4547,3785397.43676,476.65674,126.24606,15,75.744209,85.823746,122.96351,103.61967,43.467319,11,2,1,4.0324173,12.703808,107.17483,189.92365,139.00317,109.00317,119.97076,127.97076,150.41026,178.01576,211.65367,249.85669,250.74579,229.12665
2,422346.4547,3720397.43676,143.39371,69.031906,7.0353017,43.033272,49.105904,65.997971,59.033272,27.069237,5.0353017,2,1,3,8,124.96606,187.00203,153.85812,128.96333,132.89343,134.89546,148.00203,165.0034,184.99863,210.96266,217.99797,209
2,423346.4547,3781397.43676,628.78558,127.53065,15.683993,80.937042,89.582634,123.50767,108.94646,46.335587,11.674581,2,1,4.6839929,12.683993,96.896515,181.6106,129.27391,100.57219,110.56694,117.95791,141.61476,170.57404,205.30058,247.31601,247.33484,222.63017
2,424346.4547,3769397.43676,251.99611,95.503021,13.007891,54.699581,63.587837,88.613678,78.724342,34.79446,8.0168657,2,1,4,11,124.07584,196.11066,152.10168,125.07693,133.96518,139.96518,159.09488,181.0938,207.12862,239.89043,244.00789,228.99211
2,426346.4547,3769397.43676,236.17702,91.129593,13,51.343525,60.071857,84.104256,75.078918,33.057735,8.007062,2,1,4,11,123.23927,196.97467,152.99294,124.27167,133.96761,140.96054,159.96761,181.96761,208.99294,240.72833,244.02533,229.72833
2,427346.4547,3769397.43676,247.24252,92.011971,13,51.032795,60.032795,83.033516,74.979179,33.979176,8,2,1,4,11,123.05434,198,152.94566,124.00072,133.00072,139.96721,159.02155,181.03352,208.05507,240.10867,245.00072,230
1,429346.4547,3771397.43676,303.28107,98.236038,13,53.709595,63.838684,88.236038,78.838684,35.397354,9,2,2,4,10.312239,120.78579,196.55867,151.47356,122.08511,131.68776,137.55867,158.68776,181.37552,210.47356,243.52644,247.12909,230.55867
2,430346.4547,3776397.43676,446.00067,117.79079,14.488288,66.950241,78.897095,109.1103,95.843948,41.701492,10.633176,2,2,4,11,112.39898,190.70392,142.75708,114.39898,123.49072,130.1239,152.1239,178.24536,209.82539,246.94685,248.85512,228.24536
2,430346.4547,3713397.43676,172.82344,65.329514,7.845408,43.029789,49.627975,63.184383,59.029789,27.58746,5.845408,2.7527752,1,3,8.298461,121.46503,183.90736,149.2592,124.10461,127.7635,130.66103,145.20671,162.3531,182.71138,208.34149,215.58871,206.50555
2,432346.4547,3739397.43676,225.07437,68.206802,10.391396,41.007492,49.085499,63.085499,59.085499,28.103399,8,3,2,5,10.391396,123.70451,192.05261,151.97461,125.40929,132.58321,135.21721,153.31311,174.46191,199.0179,228.19931,233.19931,220.6086
2,432346.4547,3709397.43676,178.58458,63.852978,8,42.711651,49.647484,61.917145,58.711651,26.991871,6,3,1,3,8,121.07473,183.14133,148.1389,123.08529,128.01056,130.9334,144.29079,161.07472,181.34682,207.05847,214.78638,205.34682
2,433346.4547,3780397.43676,738.29639,131.26068,16,84.247086,93.972816,125.26067,115.2433,47.986408,12.274268,2,2,5,12.986407,89.505836,176.49225,123.78388,92.519432,103.22176,110.78011,135.23157,166.76273,204.73932,247.71214,246.46506,219.76651
2,433346.4547,3733397.43676,228.79126,66.677353,9.293088,40.602798,48.772552,62.640076,58.772552,28.386276,7.2744503,3,2,5,10.018638,123.46261,190.77434,151.61372,125.49988,131.63235,133.85089,151.37654,171.651,196.68828,225.41643,231.12334,218.08606
2,433346.4547,3720397.43676,104.70191,60,7,36.945793,43,59.692066,54.945793,24.960335,5.9603357,3,1,3,8,125.05421,187.69206,152.3476,127.03967,131.3476,136.03966,150.36214,168.98546,188.60132,213.26826,219.02908,211.96034
8,434346.4547,3775397.43676,429.83524,111.34573,13.583545,61.374542,73.791,101.34573,90.374542,39.583546,10.583545,2,2,4,10.583545,112.83291,192.91928,144.83292,116.37609,125.209,131.3761,152.3761,179,211.38765,248,250.54318,229.80411
2,437346.4547,3781397.43676,741.30817,131.49161,16.176754,83.77095,93.755493,125.57101,114.84512,47.425171,13.00773,2,2,5.0077295,12.176753,88.247925,177.42468,124.25816,93.078903,102.24792,112.2402,136.33755,167.76273,206.03683,247.46451,246.30322,220.69106
2,438346.4547,3782397.43676,954.98956,133.45291,17.547094,89.268326,98.907707,128.18648,119.85344,50.907711,14.186479,2,2,5.5470948,14.547094,74.461449,165.17033,109.63558,77.809723,87.449104,97.274971,122.48902,157.18268,197.23695,241.76968,239.26453,211.21025
4,439346.4547,3783397.43676,1166.2433,134.35764,19.555494,93.709915,103.12547,131.95656,121.84986,54.522251,15.415549,2,2.1399455,7.2756038,16.32332,61.187668,152.92334,96.69545,65.198936,73.555504,83.551216,109.27561,145.55121,188.1067,231.81984,229.41556,199.18767
3,442346.4547,3731397.43676,563.15436,97.709465,13.167199,64.514473,75.532097,91.524635,87.524635,41.362194,10.996269,3,2.0037305,5,12,104.84772,180.84399,135.01865,108.99729,114.65916,116.6629,136.65544,161.80501,191.01492,231.01762,233.02136,213.99356
2,446346.4547,3783397.43676,1276.3297,141.92758,21.31061,98.551178,110.70648,140.51497,128.12883,58.541443,17.155304,2,2.5776525,8.1553049,18.432083,54.815487,145.93697,89.936958,58.815487,66.815483,77.73996,103.03658,139.23784,183.21799,226.13821,222.39314,193.69402
2,446346.4547,3735397.43676,797.758,127.20555,16.527977,85.677574,99.0625,118.21428,113.83809,54.230949,14.151785,3,2.0087318,5.3761916,13.784326,90.631744,170.78928,123.63174,96.241074,101.24682,103.64622,124.00793,152.15099,186.54465,229.30278,229.67023,206.92659
2,453346.4547,3715397.43676,429.79947,73.204582,10.942471,47.996094,58.168907,69.93856,67.301918,31.150957,8.9424706,3,3,5,11,109.5255,181.98206,138.98206,111.65851,118.80923,121.84904,141.6187,165.98206,195.73398,230.80946,233.13301,214.73398
2,454346.4547,3705397.43676,302.96658,63.953598,10,41.97625,50.97625,60.97625,59.97625,27.50075,7.4755006,3,2,4,10,114.99741,183.049,143.05159,117.02634,122.99741,126.5219,143.49925,165.97475,192.47659,222.4276,227.50185,212.4276
13,455346.4547,3737397.43676,306.81122,51.709156,11,32.482563,40.265373,50.300293,48.521347,23.817728,8,3.5911357,4.5911355,7.5911355,12,116.40332,190.55235,145.96121,117.9263,126.77341,133.14349,153.18227,178.55235,208.43825,242,244.47316,225.84711
2,457346.4547,3737397.43676,350.8782,57.029984,10,34.845604,43.375832,54.811935,52.375832,25.097328,8,3,3.7819483,6.7819486,11.781948,115.03367,190.03368,144.25172,115.7215,124.63445,130.97322,151.5639,177.5639,207.91295,243.131,245.60077,225.93954
2,457346.4547,3725397.43676,1180.2316,151.78578,21.774927,105.91159,123.34869,143.94734,140.51025,68.262474,19.161568,3,3.7244735,8.0504541,18.050455,69.475052,150.5255,101.19952,74.540207,78.363937,81.214226,102.52551,133.5255,172.46484,215.4767,214.75223,189.98915
4,458346.4547,3713397.43676,774.40509,113.2406,15.870186,76.370415,89.961449,104.37041,103.37041,50.740372,13.870186,3,3,5.8701859,13.630043,92.259628,168.12982,122.86973,95.720848,100.48071,103.25963,122.88967,149.72084,183.4807,224.46121,226.66859,204.59103
2,459346.4547,3719397.43676,542.26416,84.280457,11.449994,53.301208,65.520378,78.83046,75.853783,35.634396,10.333405,3,3,5.0116601,11.230827,103.80394,179.24226,134.80394,105.97411,113.46819,117.66403,137.66403,163.67569,195.99744,234.46144,236.34485,215.91818
2,463346.4547,3715397.43676,708.72437,104.19703,14.267859,67.826073,81.093933,95.929176,94.197029,45.722977,13.08416,3,3,5.2678585,13.08416,94.380127,172.44534,126.27702,97.728584,103.77486,108.507,128.19643,155.52594,188.62904,229.36119,231.62904,209.44179
2,464346.4547,3760397.43676,263.50363,49.422237,8.821826,29.561916,34.992077,47.898815,45.898815,22.038496,7,2,3,6,10,121.39166,197.82182,149.74802,120.6631,133.39166,140.13968,163.78333,189.13968,219.56984,253.52342,254.65475,234.65475
2,465346.4547,3723397.43676,468.03256,71.467361,10.201401,43.356667,54.873199,67.737915,63.917767,29.323606,8.6963806,2,3,5,11.17985,105.92236,184.23749,137.56413,108.40584,117.06915,123.67639,144.35123,172.35123,205.67639,243.09071,244.23749,222.54112
2,467346.4547,3741397.43676,600.02856,91.187248,11.182943,53.187248,65.187248,81.187248,76.214088,39.182945,11,2,3,5,12,100.63842,181.17863,133.15179,104,111.63842,117.81705,139.83958,168.66095,202.02684,244,244.95064,220.9957
2,468346.4547,3703397.43676,371.9285,68.363472,10.552063,43.851875,53.107674,64.336739,63.336742,29.215334,8.0267296,3,2.9060752,5,10.322994,110.26878,182.52458,140.26878,111.74345,119.70019,125.6228,143.85187,167.78467,197.04047,230.07224,234.10841,216.52962
2,471346.4547,3663397.43676,46.717484,58.85363,8.844924,35.645603,41.208023,51.008705,54.008705,23.844923,6,2,1,2,7,127.48182,186.6369,153.11873,128.99129,131.87257,138.34569,152.55371,167.55371,185.79198,208.16379,216.48183,209.3544
5,473346.4547,3708397.43676,617.3913,89.610817,12.941334,56.987446,69.610817,82.669479,82.351517,39.305408,10.941334,3,3,6,12,97.953888,176.37663,129.89522,100.65208,108.37663,113.95389,134.01256,160.05507,194.2455,233.60957,234.6946,212.6946
2,476346.4547,3668397.43676,154.78444,65.758278,9.9392548,40.879139,47.808659,55.818394,59.818394,26.939255,7,2.9295201,1,3,8,123.07111,186.11049,150.18097,126.05038,129.11049,133.20108,149.24236,166.19135,187.12149,214.04976,221.00063,211.06137
2,476346.4547,3721397.43676,499.24414,72.128502,10.317285,42.524765,53.524765,66.879807,63.77346,30.169724,8.3550406,2,3,5.3172846,11.317285,103.18532,183.85764,137.07898,105.78905,114.57119,122.53343,144.72394,172.76169,207.25391,245.97264,246.43402,224.01039
4,482346.4547,3702397.43676,378.90536,66.686775,10,41.686775,50.686775,61.686775,60.686775,27.745264,7.9415107,2,3,5,10.94151,109.50947,186.68118,141.25473,111.31322,120.63204,128.01518,148.81894,174.38313,205.89821,239.94151,243.32465,222.76045
2,482346.4547,3700397.43676,279.77054,60.407173,9.4515934,37.609867,45.248901,55.407173,54.955582,24.797308,7,2,3,5,10,115.60189,190.2027,146.11206,117.29951,124.96285,132.85698,152.85698,177.39014,206.5484,239.23984,242.14922,224
8,483346.4547,3703397.43676,464.49011,73.651932,10.998999,45.76598,55.653938,67.652939,67.651932,30.766979,8.9989986,2,3,5.9989986,11,106.21715,183.11505,137.23402,108.21715,115.24296,124.21815,144.11604,170.24297,204.99306,239.11998,242.99306,220.22508
2,484346.4547,3702397.43676,341.68961,63.878319,10.054805,39.136272,47.90646,58.24588,57.878319,26.026663,7.1096087,2,3,5.0548043,10.862249,112.86373,188.72598,143.86372,113.3409,122.28609,130.80893,150.47865,176.78078,208.20316,242.175,244.40482,224.92764
2,487346.4547,3622397.43676,90.919243,58,9,32.446747,37.446747,48.446747,56.219009,22.063864,5.2915983,2,1,1,5.4467454,133,189.78099,159.33424,135.61711,137.7084,140.86356,156.26166,171,188,211.2916,219.5106,212
2,493346.4547,3706397.43676,355.92233,61.461548,10,37.364601,45.364601,55.595375,54.595375,24.364601,7.1338263,2,3.1338263,6,11,111.85181,192.30768,144.40462,113.62103,123.55282,133.40462,154.53845,183.4415,215.7836,250.90305,252.68665,229.85181
2,496346.4547,3635397.43676,139.33763,59.644405,10.485761,38.457279,44.457279,52.457279,60.457279,25.971521,7.055882,2,1,2,6.4298782,130.5986,194.46736,157.89723,133.48683,136.27124,141.29971,157.48683,175.22435,196.38275,223.05563,230.89723,220.08437
6,496346.4547,3634397.43676,99.468178,57.670162,10.040348,36.483513,41.69968,50.483513,57.845982,24.443165,6.2161679,2,1,2,6.0403476,131.87895,194.90848,160.15402,135.51649,138.19437,142.69231,160.15402,177.14319,198.00772,222.81335,231.09512,221.41054
4,496346.4547,3719397.43676,536.54913,70.533051,11.340678,42.022034,50.540203,63.710545,62.93111,29.851696,9.3406782,2,4.1703391,7.1703391,12.17034,103.1483,186.97797,136.97797,105.97797,114.32579,123.75024,147.35219,177.92773,214.09808,252.75024,253.1483,228.09808
4,496346.4547,3701397.43676,520.90717,75.668343,12.519325,47.353497,57.091713,69.46386,70.406555,31.834169,9.5766277,2,4,7,12,102.6894,183.21706,135.01257,104.11277,113.33166,122.12718,143.90829,171.85098,208.42761,244.32742,246.74246,222.6321
2,496346.4547,3691397.43676,203.40604,57.44352,9.7370663,35.492435,42.425217,50.510738,51.44352,22.68815,6.7370663,2,3,5,9.7370663,119.7705,196.39737,151.59308,122.37907,130.59308,140.53818,160.77049,186.57478,216.48926,247.50475,251.01231,233.1591
4,497346.4547,3768397.43676,879.32153,95.01223,16.048183,58.060413,76.06041,76.04818,77.06041,51.289772,19,3,4.048183,9,15.289771,86.601631,174.92735,120.8914,90.395996,97.673538,108.64982,134.87918,170.60164,211.93959,251.92735,248.8914,221.93959
4,497346.4547,3691397.43676,266.4212,61.142643,10.06941,38.066792,45.073235,54.142643,55.064175,23.997383,7,2,3,5.075851,10,116.93582,194.92677,148.92677,118.9332,128.70947,136.01167,158.00523,183.93965,215.08752,247.93059,250.06297,230.93059
2,499346.4547,3715397.43676,546.90192,71.216385,12,43.453468,52.179321,64.869873,64.869873,30.416407,9.3465118,2,4.4164057,7.4164057,13,101.65349,186.16719,135.89056,104.5836,114.20002,123.23708,146.43958,177.13013,214.78362,252.13013,252.23708,227.23708
2,500346.4547,3640397.43676,243.67761,66.400757,13,45.343891,52.343891,59.343891,67.400757,30.056864,9,2.0163214,2,3,8,124.59924,192.59924,153.86995,126.94314,131.59924,135.61557,154.27167,172.61557,197.71297,226.95946,233.65611,221.27167
3,501346.4547,3768397.43676,1112.1006,102.30499,19.249355,66.496132,85.304993,89.238922,89.18071,51.249355,19,3,6.2493558,11.498712,18.498713,69.254509,160.7558,104.7558,73.00515,82.00515,93.628151,120.7558,157.00516,200.69501,240.19101,236.2598,207.2598
2,501346.4547,3764397.43676,1069.5779,101.50414,19.155712,65.560036,83.734253,87.889961,88.659843,51.925594,19,3,6,11.230117,18.17421,73.091537,162.34015,108.16595,77.787018,84.935829,96.035637,122.80552,158.03563,201.32166,242.03563,238.99864,209.09154
2,501346.4547,3710397.43676,676.89709,83.645416,14.123938,52.397541,63.645416,76.645416,78.279343,36.639671,11.757868,2.6339302,5.1239376,9.1239376,14.123938,93.507637,177.50764,127.47852,96.602463,105.39283,114.62244,136.59332,167.71727,205.99765,244.99765,244.95601,219.22726
4,501346.4547,3698397.43676,1188.6132,117.36919,20.014919,78.086914,96.993172,111.50063,114.87665,55.684593,17.894865,3,8.0113907,13.51885,18.014919,67.556442,147.91309,99.556442,69.304016,75.676498,82.886772,105.39423,137.6765,180.45483,219.95877,219.6879,191.41701
3,502346.4547,3703397.43676,485.77158,69.380836,12.045338,43.239254,52.284592,63.38084,63.904217,28.664965,8.5742893,2,4.5742888,7.5742888,12.045338,104.76075,187.71683,138.2827,106.2897,117.71541,125.76075,149.23737,178.76775,215.23737,251.71541,252.71541,228.76074
6,503346.4547,3697397.43676,1011.6407,107.71782,18.773317,70.535561,87.717819,100.90009,104.90009,50.654514,16.289989,3,7.1822624,12.182262,16.289989,73.906578,155.35655,105.46444,75.464439,83.64978,92.475517,115.02538,144.38991,185.60536,225.49763,225.46445,198.02231
2,507346.4547,3622397.43676,129.12849,52.867691,11,37.847092,42.572212,47.775806,55.643494,22.84709,6.0712848,2,1,2,6.7758055,131.13231,197.06102,160.51967,134.2242,138,143.13231,160.92871,178.35651,201.15291,229.13231,236.15291,223.17351
2,509346.4547,3737397.43676,547.88818,61.350719,11,36.039814,43.65189,54.922981,53.65189,25.310905,8.4277372,2,5,8.4277372,13,104.62159,193.23128,140.07701,107.50475,118.50475,130.07701,154.83362,188.41562,227.96019,266.07703,264.64929,238.11684
2,510346.4547,3622397.43676,187.25812,55.695126,12,39.889065,45.695126,49.889065,58.055996,24.944532,7,2,1.1669315,2.9445324,7,128.30487,195.83307,159.11093,131.30487,135.75006,139.30487,158.1664,177.4718,201.2224,231.2224,237.44519,224.27786
1,510346.4547,3685397.43676,1204.2501,114.10793,20.668066,75.53569,94.551559,109.21963,114.45573,54.492283,17.572239,3,9.251977,14.668065,17.668066,64.86348,145.51569,96.611504,67.283287,74.519394,81.511482,104.52735,136.8672,179.78352,219.69141,218.69937,190.76765
2,511346.4547,3710397.43676,841.77673,87.508362,16,56.034107,69.585579,80.585579,83.585579,39.948505,13.474253,3,7.0772176,12.077217,16,84.166,168.64864,116.86295,85.854568,95.303101,105.3031,129.3031,160.32883,201.88867,241.41443,241.2516,212.89706
2,512346.4547,3622397.43676,360.34824,64.474937,14.531801,44.806026,52.33783,57.406384,67.474937,30.737471,9.1371126,2.0685561,2.0685561,3.0685561,7.0685563,121.5695,189.03275,151.43239,123.88669,127.95029,131.10625,149.74463,170.1013,198.0874,230.71188,235.39964,220.11153
5,512346.4547,3735397.43676,565.67914,61.39967,11.233214,37.433048,45.430115,56.166454,54.39967,25.199835,8.4664288,2,5.2332144,9.2332144,13.500192,104.03632,193.06383,139.53612,107.07008,117.5974,128.56989,154.33374,188.5974,228.5974,266.8306,265.56363,238.56696
2,512346.4547,3706397.43676,653.25043,76.403519,14,48.70911,59.78796,70.787964,71.866814,32.70911,10.078852,2,6,10.527446,14.078852,95.147888,181.06903,129.00488,96.300148,108.00489,117.21204,141.29089,173.53233,212.82759,251.05978,251.14789,223.35504
4,513346.4547,3761397.43676,1095.4059,88.218719,17.946928,57.550426,74.497353,77.711205,79.165642,44.213848,17.106924,3,7.9469275,13.66829,18.946928,72.555717,162.7805,107.55572,75.608788,84.448792,95.887428,123.72743,159.88742,204.6088,242.88742,239.27299,210.50186
7,514346.4547,3749397.43676,1171.5107,93.674477,18.478142,61.796806,79.312096,85.711624,86.674477,45.840523,17.39953,3,8.4781408,15.478141,20.39953,69.288376,157.13547,102.45638,71.88884,80.135468,89.209763,116.49354,153.28838,197.92599,237.13547,232.53069,203.8517
2,516346.4547,3733397.43676,652.50574,66.167458,12.358556,41.600773,51.409672,60.409672,60.409672,27.600775,9.3585558,2,6.242218,10.791876,15,99.473991,188.62442,134.91479,102.07476,112.79845,123.39922,149.06522,184.13998,225.04066,264.23178,261.59033,233.79845
2,517346.4547,3623397.43676,589.659,78.391647,17.421179,53.052948,62.474125,70.684715,81.895302,37.842358,11.421179,3,3.2105894,5.4211788,8.2105894,108.76599,178.90575,136.97658,110.5554,116.18717,117.59671,137.69516,160.88977,193.19881,229.02953,232.25609,212.98822
2,518346.4547,3731397.43676,730.29681,69.298515,13.909294,44.410824,55.51033,64.108307,64.158058,30.058554,10.959047,2.049753,7.0497532,12.049753,16.049753,94.69268,182.88289,129.55222,96.580376,108.19995,118.29066,144.43112,178.74243,221.34041,259.39017,257.74243,228.74243
2,519346.4547,3695397.43676,855.10754,87.881195,17,56.760899,70.760902,81.657097,85.760902,40.240597,13.120298,3,8.2241039,14.224104,15.224104,78.248001,163.7112,112.14419,79.503586,90.190895,103.4871,126.6074,156.8315,199.1909,238.1909,237.43149,208.7744
2,519346.4547,3694397.43676,843.23328,88.397644,17,56.934715,71.397644,81.934715,86.397644,40,13,3,8,14,15,78.152885,164.07645,112.15289,79.613518,90.141731,103.61352,127.07645,157.53937,199.07414,238.07414,237.53708,209.92355
2,522346.4547,3673397.43676,1087.5088,103.30311,20.594347,66.434372,83.868736,96.463081,104.46308,50.434368,16,3,9.4343691,16,16,66.296463,148.59293,97.296463,66.862099,76.405655,87.296463,110.99335,139.97128,183.13126,223.10919,222.97128,193.13126
2,522346.4547,3541397.43676,NoData,NoData,NoData,NoData,NoData,NoData,NoData,NoData,NoData,NoData,NoData,NoData,NoData,NoData,NoData,NoData,NoData,NoData,NoData,NoData,NoData,NoData,NoData,NoData,NoData
2,523346.4547,3633397.43676,646.90424,81.738495,18.105333,55.645119,66.244476,75.678925,86.244476,38.645119,12.045762,3,5,7.5397854,10,103.57063,176.76747,131.67595,103.839,112.1104,115.43836,136.60443,161.81325,196.81509,234.70976,236.69595,214.30727
4,526346.4547,3634397.43676,832.12134,91.486572,20.150023,60.854794,74.643227,85.793251,96.636589,43.726887,13.737561,3,6.8942165,10.788433,11.02212,86.553963,162.85693,116.54623,87.269402,96.141502,102.26537,123.80203,149.87502,187.41539,226.84627,227.66345,203.28748
2,528346.4547,3696397.43676,1297.8895,92.338936,18.599171,58.739765,76.598305,88.598305,91.678734,44.140594,15.3398,3,12.25937,19.3398,19.282055,61.400829,144.82434,93.141457,63.400829,70.836716,79.519608,106.43918,140.43918,187.40083,225.40083,223.11877,193.69855
4,529346.4547,3671397.43676,1090.1428,97.134125,20.6467,61.780647,78.487427,90.621368,98.34771,47.567062,15.6467,3,10.273662,17.273663,15.6467,65.726158,148.35312,97.726158,66.780289,76.726158,88.07946,111.64635,142.92,186.15927,226.43294,225.50662,196.35312
2,530346.4547,3669397.43676,1084.0426,96.967468,20.58144,61.724323,77.910316,89.600594,97.99604,47.243145,15.58144,3,10.028577,17.028576,15.58144,67.100616,148.59398,98.123726,66.656593,77.123726,88.095154,112.64255,142.59944,186.75139,226.25256,225.14684,196.17542
2,532346.4547,3642397.43676,956.94617,94.663078,21.820326,62.652969,77.663078,90.493507,100.49572,45.842751,14.010106,3,8.0101061,13.822538,13,76.312286,154.5166,105.51438,76.314499,86.124718,94.336922,118.13703,146.13483,187.15503,225.5267,225.5267,199.50427
2,533346.4547,3661397.43676,1114.1129,99.467255,22,63.233627,80.233627,93.467255,102.46725,48.855068,16,3,10,17,15.233626,65.387817,147.29483,95.766373,66.383522,75.532745,87.149895,110.91197,140.9113,185.1499,224.9113,223.53275,194.14923
2,533346.4547,3539397.43676,NoData,NoData,NoData,NoData,NoData,NoData,NoData,NoData,NoData,NoData,NoData,NoData,NoData,NoData,NoData,NoData,NoData,NoData,NoData,NoData,NoData,NoData,NoData,NoData,NoData
1,537346.4547,3541397.43676,NoData,NoData,NoData,NoData,NoData,NoData,NoData,NoData,NoData,NoData,NoData,NoData,NoData,NoData,NoData,NoData,NoData,NoData,NoData,NoData,NoData,NoData,NoData,NoData,NoData
1,537346.4547,3696397.43676,1551.7028,100.93686,21.05604,65.226913,86.860901,97.631805,102.45876,46.536892,15.826951,3,15.577941,23.577942,21.577942,53.483028,136.40706,85.080887,56.309978,61.426987,67.946136,95.773087,132.60004,181.73204,219.50294,215.35103,185.35103
4,538346.4547,3663397.43676,1463.6558,118.2654,24.817917,73.294838,96.318008,115.47065,123.47065,54.927319,18.817917,3,13.635833,21.635834,19.635834,52.092503,133.31783,81.887245,54.523079,60.705162,68.638748,94.456665,127.80102,175.99664,215.5327,211.80101,181.88724
2,540346.4547,3714397.43676,1505.538,89.298302,19.336304,58.390625,77.298302,85.726929,88.821762,41.149151,15.241471,3,16,24,22,54.945679,139.27307,86.281982,57.850849,63.609375,70.704208,98.850845,135.79652,185.42223,222.60938,217.3743,187.51454
2,543346.4547,3660397.43676,789.00629,72.510529,17,46.768517,57.708797,66.510529,72.510529,32.510532,10,2,9,16,13,84.549187,172.37743,118.57569,86.145943,97.807175,110.42975,135.48947,165.97894,209.68773,248.11748,248.2912,218.78067
2,543346.4547,3715397.43676,1470.9235,83.618477,19.143063,53.784512,72.166702,80.166702,83.522415,38.833969,14.355707,3,16.143063,24.23913,21.355707,56.022968,140.78384,87.783836,58.906391,65.194977,73.955849,101.54471,139.42813,188.25612,226.19498,220.31155,190.31155
3,543346.4547,3714397.43676,1399.4495,78.767944,18,50.53278,67.15036,75.15036,78.15036,37.07518,14,3,15,23.617582,21,58.92482,144.30724,91.307236,61.382416,68.382416,77.92482,105.98461,143.01228,191.84964,229.24745,224.05978,193.78984
5,543346.4547,3713397.43676,1409.7921,79.926842,18,51.129276,68.12928,76.304115,79.304115,37.463421,14,3,15,24,21,58.536579,143.71141,90.334145,61,68,77.159309,105.33414,141.91385,190.87073,228.53658,223.65033,193.24799
2,544346.4547,3661397.43676,759.6662,70.141373,17,45.316906,55.476986,64.141373,69.793892,30.824471,9.8244705,2,9,16,13,87.858627,175.68309,121.16008,88.335609,101.33561,112.03416,137.68309,169.67122,213.22482,251.54172,251.3662,222.50757
2,548346.4547,3622397.43676,961.66846,79.662888,19.09956,48.620979,59.662888,72.141472,82.704796,35.041908,10.041908,2,9,16,12,75.916183,157.85854,107.87428,78.394768,85.916183,96.81662,120.75897,149.27946,190.39476,231.37903,229.9581,202.97383
2,568346.4547,3622397.43676,1218.3857,59.937241,17.972742,34.937241,43.87545,50.90271,60.937241,24.937243,7,1,12,20.972742,13,62.088081,152.08807,97.062759,68.053551,75.053551,85.116302,113.12358,147.02725,195.02823,238.02725,233.08807,204.05452
4,570346.4547,3610397.43676,1023.2808,59.582493,17,30.54347,34.984524,48.56702,58.56702,21,5,1,11,20,12,73.070717,163.05524,108.04791,79.055244,84.559692,97.527992,124.01622,157.07072,201.55894,244.54272,240.54347,213.03902
1,572346.4547,3698397.43676,1367.2825,60.406803,17.734467,37.961773,51.406803,55.701962,61.14127,26.884333,10.614229,2.295161,17.348696,28.053535,19.029629,60.327667,151.25023,94.737343,62.743065,72.394371,83.659904,113.83482,152.48499,203.80405,240.95506,234.85873,203.68381
1,663346.4547,3545397.43676,NoData,NoData,NoData,NoData,NoData,NoData,NoData,NoData,NoData,NoData,NoData,NoData,NoData,NoData,NoData,NoData,NoData,NoData,NoData,NoData,NoData,NoData,NoData,NoData,NoData
2,663346.4547,3409397.43676,NoData,NoData,NoData,NoData,NoData,NoData,NoData,NoData,NoData,NoData,NoData,NoData,NoData,NoData,NoData,NoData,NoData,NoData,NoData,NoData,NoData,NoData,NoData,NoData,NoData
3,678346.4547,3379397.43676,NoData,NoData,NoData,NoData,NoData,NoData,NoData,NoData,NoData,NoData,NoData,NoData,NoData,NoData,NoData,NoData,NoData,NoData,NoData,NoData,NoData,NoData,NoData,NoData,NoData
