cls,ID,X,Y,Map X,Map Y,Lat,Lon,B1,B2,B3
1,1,323,836,561469.5,4198195.5,37.929247,-122.300546,82,81,84
1,2,298,838,561462,4198194.9,37.929242,-122.300632,80,82,92
1,3,313,840,561466.5,4198194.3,37.929236,-122.300581,83,76,98
1,4,328,840,561471,4198194.3,37.929236,-122.300529,84,87,100
1,5,314,840,561466.8,4198194.3,37.929236,-122.300577,81,77,88
1,6,818,857,561618,4198189.2,37.92918,-122.298857,205,201,194
1,7,811,864,561615.9,4198187.1,37.929161,-122.298881,214,208,198
1,8,722,874,561589.2,4198184.1,37.929136,-122.299185,186,196,197
1,9,807,875,561614.7,4198183.8,37.929132,-122.298895,208,202,197
1,10,712,885,561586.2,4198180.8,37.929107,-122.29922,170,179,188
1,11,724,890,561589.8,4198179.3,37.929093,-122.299179,167,175,183
1,12,724,891,561589.8,4198179,37.92909,-122.299179,163,173,179
1,13,741,896,561594.9,4198177.5,37.929076,-122.299121,160,171,187
1,14,728,897,561591,4198177.2,37.929074,-122.299165,161,165,180
1,15,729,898,561591.3,4198176.9,37.929071,-122.299162,156,165,177
1,16,728,898,561591,4198176.9,37.929071,-122.299165,158,161,179
1,17,714,899,561586.8,4198176.6,37.929069,-122.299213,204,203,203
1,18,722,903,561589.2,4198175.4,37.929058,-122.299186,206,205,203
1,19,723,904,561589.5,4198175.1,37.929055,-122.299183,205,205,202
1,20,705,1204,561584.1,4198085.1,37.928244,-122.299252,172,173,177
1,21,704,1214,561583.8,4198082.1,37.928217,-122.299255,168,169,169
1,22,875,1214,561635.1,4198082.1,37.928214,-122.298672,163,154,143
1,23,880,1219,561636.6,4198080.6,37.9282,-122.298655,168,152,153
1,24,894,1219,561640.8,4198080.6,37.9282,-122.298607,181,157,159
1,25,874,1223,561634.8,4198079.4,37.928189,-122.298675,163,155,154
1,26,866,1225,561632.4,4198078.8,37.928184,-122.298703,147,137,146
1,27,884,1226,561637.8,4198078.5,37.928181,-122.298641,165,154,159
1,28,884,1227,561637.8,4198078.2,37.928178,-122.298641,170,156,158
1,29,1073,1228,561694.5,4198077.9,37.928172,-122.297996,130,136,149
1,30,706,1228,561584.4,4198077.9,37.928179,-122.299249,166,174,175
1,31,873,1231,561634.5,4198077,37.928168,-122.298679,152,141,142
1,32,1049,1231,561687.3,4198077,37.928164,-122.298078,125,136,154
1,33,1049,1234,561687.3,4198076.1,37.928156,-122.298078,183,208,190
1,34,867,1236,561632.7,4198075.5,37.928154,-122.2987,164,148,147
1,35,1077,1240,561695.7,4198074.3,37.928139,-122.297983,120,128,140
1,36,863,1244,561631.5,4198073.1,37.928133,-122.298713,181,165,158
1,37,864,1244,561631.8,4198073.1,37.928133,-122.29871,178,159,163
1,38,1049,1246,561687.3,4198072.5,37.928124,-122.298079,117,131,145
1,39,1049,1247,561687.3,4198072.2,37.928121,-122.298079,119,133,141
1,40,1058,1251,561690,4198071,37.92811,-122.298048,119,132,136
1,41,1075,1255,561695.1,4198069.8,37.928099,-122.29799,113,125,140
1,42,1065,1260,561692.1,4198068.3,37.928086,-122.298024,120,132,146
1,43,1065,1261,561692.1,4198068,37.928083,-122.298024,120,135,153
1,44,682,1286,561577.2,4198060.5,37.928023,-122.299332,173,176,177
1,45,683,1286,561577.5,4198060.5,37.928023,-122.299329,171,177,176
1,46,684,1286,561577.8,4198060.5,37.928023,-122.299326,176,177,180
1,47,681,1286,561576.9,4198060.5,37.928023,-122.299336,171,179,179
1,48,680,1286,561576.6,4198060.5,37.928023,-122.299339,172,176,179
1,49,686,1287,561578.4,4198060.2,37.92802,-122.299319,174,177,178
1,50,685,1287,561578.1,4198060.2,37.92802,-122.299322,173,177,177
1,51,684,1287,561577.8,4198060.2,37.92802,-122.299326,175,177,179
1,52,679,1288,561576.3,4198059.9,37.928018,-122.299343,169,177,175
1,53,678,1288,561576,4198059.9,37.928018,-122.299346,171,177,176
1,54,690,1288,561579.6,4198059.9,37.928017,-122.299305,173,175,181
1,55,678,1289,561576,4198059.6,37.928015,-122.299346,169,177,179
1,56,677,1289,561575.7,4198059.6,37.928015,-122.29935,172,177,178
1,57,677,1290,561575.7,4198059.3,37.928012,-122.29935,173,179,179
1,58,687,1296,561578.7,4198057.5,37.927996,-122.299316,179,179,181
1,59,686,1296,561578.4,4198057.5,37.927996,-122.299319,176,182,183
1,60,687,1297,561578.7,4198057.2,37.927993,-122.299316,177,179,181
1,61,682,1299,561577.2,4198056.6,37.927988,-122.299333,177,177,183
1,62,675,1299,561575.1,4198056.6,37.927988,-122.299357,177,184,180
1,63,674,1300,561574.8,4198056.3,37.927985,-122.29936,178,181,183
1,64,683,1300,561577.5,4198056.3,37.927985,-122.299329,174,178,183
1,65,673,1300,561574.5,4198056.3,37.927985,-122.299363,179,180,185
1,66,693,1300,561580.5,4198056.3,37.927985,-122.299295,175,179,180
1,67,670,1304,561573.6,4198055.1,37.927975,-122.299374,170,178,176
1,68,670,1305,561573.6,4198054.8,37.927972,-122.299374,170,178,176
1,69,670,1306,561573.6,4198054.5,37.927969,-122.299374,165,176,175
1,70,671,1306,561573.9,4198054.5,37.927969,-122.29937,170,177,174
1,71,679,1310,561576.3,4198053.3,37.927958,-122.299343,175,178,183
1,72,682,1312,561577.2,4198052.7,37.927953,-122.299333,176,183,182
1,73,687,1313,561578.7,4198052.4,37.92795,-122.299316,177,180,186
1,74,686,1313,561578.4,4198052.4,37.92795,-122.299319,175,181,181
1,75,421,1336,561498.9,4198045.5,37.927893,-122.300225,163,182,196
1,76,414,1340,561496.8,4198044.3,37.927882,-122.300249,160,178,191
1,77,389,1344,561489.3,4198043.1,37.927872,-122.300334,161,178,195
1,78,414,1349,561496.8,4198041.6,37.927858,-122.300249,164,175,191
1,79,414,1350,561496.8,4198041.3,37.927855,-122.300249,163,174,191
1,80,495,1353,561521.1,4198040.4,37.927846,-122.299972,152,131,127
1,81,495,1354,561521.1,4198040.1,37.927843,-122.299972,139,120,120
1,82,486,1356,561518.4,4198039.5,37.927838,-122.300003,131,107,113
1,83,416,1357,561497.4,4198039.2,37.927836,-122.300242,164,178,194
1,84,396,1357,561491.4,4198039.2,37.927837,-122.30031,186,186,207
1,85,397,1357,561491.7,4198039.2,37.927837,-122.300307,238,244,234
1,86,486,1357,561518.4,4198039.2,37.927835,-122.300003,145,129,121
1,87,504,1358,561523.8,4198038.9,37.927832,-122.299942,131,100,120
1,88,478,1359,561516,4198038.6,37.92783,-122.300031,130,113,114
1,89,501,1360,561522.9,4198038.3,37.927827,-122.299952,127,107,105
1,90,501,1361,561522.9,4198038,37.927824,-122.299952,139,96,119
1,91,500,1361,561522.6,4198038,37.927824,-122.299956,129,106,107
1,92,636,1361,561563.4,4198038,37.927821,-122.299491,168,127,120
1,93,500,1362,561522.6,4198037.7,37.927821,-122.299956,136,89,108
1,94,616,1362,561557.4,4198037.7,37.927819,-122.29956,206,167,148
1,95,601,1363,561552.9,4198037.4,37.927817,-122.299611,198,175,155
1,96,640,1363,561564.6,4198037.4,37.927816,-122.299478,162,128,112
1,97,640,1364,561564.6,4198037.1,37.927813,-122.299478,163,130,108
1,98,496,1364,561521.4,4198037.1,37.927816,-122.299969,117,103,112
1,99,629,1365,561561.3,4198036.8,37.927811,-122.299515,164,134,116
1,0,640,1365,561564.6,4198036.8,37.92781,-122.299478,159,131,125
1,1,496,1365,561521.4,4198036.8,37.927813,-122.299969,117,94,97
1,2,471,1366,561513.9,4198036.5,37.927811,-122.300055,180,154,144
1,3,622,1367,561559.2,4198036.2,37.927805,-122.299539,208,165,135
1,4,472,1369,561514.2,4198035.6,37.927803,-122.300051,176,152,149
1,5,473,1370,561514.5,4198035.3,37.9278,-122.300048,179,150,149
1,6,472,1370,561514.2,4198035.3,37.9278,-122.300051,177,153,144
1,7,487,1371,561518.7,4198035,37.927797,-122.3,133,102,117
1,8,474,1373,561514.8,4198034.4,37.927792,-122.300045,181,153,133
1,9,639,1375,561564.3,4198033.8,37.927783,-122.299481,190,150,128
1,10,608,1376,561555,4198033.5,37.927781,-122.299587,214,167,148
1,11,639,1376,561564.3,4198033.5,37.927781,-122.299481,191,151,131
1,12,608,1377,561555,4198033.2,37.927779,-122.299587,213,175,145
1,13,500,1378,561522.6,4198032.9,37.927778,-122.299956,207,174,161
1,14,470,1384,561513.6,4198031.1,37.927762,-122.300059,168,149,141
1,15,632,1384,561562.2,4198031.1,37.927759,-122.299506,238,204,184
1,16,491,1386,561519.9,4198030.5,37.927757,-122.299987,210,178,162
1,17,492,1386,561520.2,4198030.5,37.927757,-122.299983,208,175,161
1,18,490,1386,561519.6,4198030.5,37.927757,-122.29999,213,179,163
1,19,609,1388,561555.3,4198029.9,37.927749,-122.299584,208,167,136
1,20,609,1389,561555.3,4198029.6,37.927746,-122.299584,211,170,147
1,21,634,1389,561562.8,4198029.6,37.927746,-122.299499,238,202,177
1,22,633,1390,561562.5,4198029.3,37.927743,-122.299502,238,203,178
1,23,622,1393,561559.2,4198028.4,37.927735,-122.29954,201,157,137
1,24,623,1393,561559.5,4198028.4,37.927735,-122.299537,205,161,126
1,25,860,1469,561630.6,4198005.6,37.927525,-122.29873,138,148,166
1,26,881,1474,561636.9,4198004.1,37.927511,-122.298658,138,149,154
1,27,857,1477,561629.7,4198003.2,37.927503,-122.29874,139,151,163
1,28,858,1477,561630,4198003.2,37.927503,-122.298737,142,154,163
1,29,868,1478,561633,4198002.9,37.9275,-122.298702,137,152,169
1,30,854,1487,561628.8,4198000.2,37.927476,-122.29875,135,155,161
1,31,868,1487,561633,4198000.2,37.927476,-122.298703,146,164,170
1,32,854,1488,561628.8,4197999.9,37.927473,-122.29875,142,161,167
1,33,872,1491,561634.2,4197999,37.927465,-122.298689,141,148,168
1,34,873,1491,561634.5,4197999,37.927465,-122.298686,141,157,162
1,35,865,1491,561632.1,4197999,37.927465,-122.298713,141,159,164
1,36,873,1492,561634.5,4197998.7,37.927462,-122.298686,139,153,162
1,37,874,1492,561634.8,4197998.7,37.927462,-122.298682,144,157,164
1,38,843,1492,561625.5,4197998.7,37.927463,-122.298788,131,150,157
1,39,875,1493,561635.1,4197998.4,37.927459,-122.298679,139,154,165
1,40,875,1494,561635.1,4197998.1,37.927457,-122.298679,139,154,170
2,1,1190,119,561729.6,4198410.6,37.931168,-122.297568,69,79,69
2,2,1195,119,561731.1,4198410.6,37.931168,-122.297551,72,83,74
2,3,1197,120,561731.7,4198410.3,37.931165,-122.297545,68,70,62
2,4,1196,120,561731.4,4198410.3,37.931165,-122.297548,68,95,70
2,5,1194,120,561730.8,4198410.3,37.931165,-122.297555,69,89,68
2,6,1171,121,561723.9,4198410,37.931163,-122.297633,66,81,61
2,7,1182,121,561727.2,4198410,37.931163,-122.297596,70,90,74
2,8,1182,122,561727.2,4198409.7,37.93116,-122.297596,81,101,71
2,9,1181,123,561726.9,4198409.4,37.931157,-122.297599,75,87,72
2,10,1179,124,561726.3,4198409.1,37.931155,-122.297606,54,62,66
2,11,1179,125,561726.3,4198408.8,37.931152,-122.297606,57,73,63
2,12,1178,125,561726,4198408.8,37.931152,-122.297609,63,97,81
2,13,1175,126,561725.1,4198408.5,37.931149,-122.29762,69,79,66
2,14,1175,127,561725.1,4198408.2,37.931147,-122.29762,81,93,77
2,15,1314,150,561766.8,4198401.3,37.931082,-122.297146,48,69,41
2,16,1305,150,561764.1,4198401.3,37.931082,-122.297177,32,40,32
2,17,1316,151,561767.4,4198401,37.931079,-122.297139,44,51,52
2,18,1304,151,561763.8,4198401,37.931079,-122.29718,33,48,49
2,19,1315,151,561767.1,4198401,37.931079,-122.297143,41,51,51
2,20,1317,153,561767.7,4198400.4,37.931073,-122.297136,46,51,47
2,21,1318,154,561768,4198400.1,37.931071,-122.297132,56,65,55
2,22,1310,155,561765.6,4198399.8,37.931068,-122.29716,47,48,43
2,23,1311,155,561765.9,4198399.8,37.931068,-122.297156,59,75,61
2,24,1309,155,561765.3,4198399.8,37.931068,-122.297163,42,43,58
2,25,1316,155,561767.4,4198399.8,37.931068,-122.297139,73,84,58
2,26,1315,157,561767.1,4198399.2,37.931063,-122.297143,67,84,64
2,27,1294,157,561760.8,4198399.2,37.931063,-122.297214,27,35,22
2,28,1295,157,561761.1,4198399.2,37.931063,-122.297211,45,63,46
2,29,1292,157,561760.2,4198399.2,37.931063,-122.297221,24,27,27
2,30,1291,157,561759.9,4198399.2,37.931063,-122.297225,21,33,31
2,31,1307,167,561764.7,4198396.2,37.931036,-122.29717,44,44,47
2,32,1292,168,561760.2,4198395.9,37.931033,-122.297221,66,77,60
2,33,1307,168,561764.7,4198395.9,37.931033,-122.29717,49,56,40
2,34,1427,258,561800.7,4198368.9,37.930787,-122.296763,53,59,48
2,35,1427,259,561800.7,4198368.6,37.930785,-122.296763,49,51,49
2,36,1427,260,561800.7,4198368.3,37.930782,-122.296763,50,59,46
2,37,1428,261,561801,4198368,37.930779,-122.29676,60,72,56
2,38,1423,263,561799.5,4198367.4,37.930774,-122.296777,39,51,43
2,39,1424,263,561799.8,4198367.4,37.930774,-122.296773,50,62,52
2,40,1428,263,561801,4198367.4,37.930774,-122.29676,65,78,64
2,41,1423,264,561799.5,4198367.1,37.930771,-122.296777,27,37,49
2,42,1422,264,561799.2,4198367.1,37.930771,-122.29678,26,31,34
2,43,1422,265,561799.2,4198366.8,37.930768,-122.29678,26,30,35
2,44,1421,266,561798.9,4198366.5,37.930766,-122.296784,29,44,41
2,45,1420,267,561798.6,4198366.2,37.930763,-122.296787,32,39,45
2,46,1413,267,561796.5,4198366.2,37.930763,-122.296811,51,64,47
2,47,1421,267,561798.9,4198366.2,37.930763,-122.296784,29,50,29
2,48,1419,272,561798.3,4198364.7,37.93075,-122.296791,48,56,40
2,49,1419,273,561798.3,4198364.4,37.930747,-122.296791,48,61,60
2,50,1419,274,561798.3,4198364.1,37.930744,-122.296791,56,65,63
2,51,1431,275,561801.9,4198363.8,37.930741,-122.29675,43,48,34
2,52,1401,276,561792.9,4198363.5,37.930739,-122.296852,29,43,40
2,53,1422,277,561799.2,4198363.2,37.930736,-122.296781,47,50,49
2,54,1398,277,561792,4198363.2,37.930737,-122.296862,50,59,44
2,55,1431,278,561801.9,4198362.9,37.930733,-122.29675,45,59,45
2,56,1398,278,561792,4198362.9,37.930734,-122.296862,44,57,52
2,57,1422,285,561799.2,4198360.8,37.930714,-122.296781,45,58,39
2,58,1421,285,561798.9,4198360.8,37.930714,-122.296784,37,47,47
2,59,1415,290,561797.1,4198359.3,37.930701,-122.296805,34,38,53
2,60,1416,290,561797.4,4198359.3,37.930701,-122.296801,33,46,38
2,61,1408,291,561795,4198359,37.930698,-122.296829,29,39,42
2,62,1415,291,561797.1,4198359,37.930698,-122.296805,39,49,38
2,63,1407,291,561794.7,4198359,37.930698,-122.296832,31,38,45
2,64,1414,291,561796.8,4198359,37.930698,-122.296808,40,48,46
2,65,1413,291,561796.5,4198359,37.930698,-122.296812,49,61,51
2,66,1354,366,561778.8,4198336.5,37.930497,-122.297015,57,58,63
2,67,1372,366,561784.2,4198336.5,37.930496,-122.296953,53,70,67
2,68,1344,369,561775.8,4198335.6,37.930489,-122.297049,36,50,51
2,69,1368,372,561783,4198334.7,37.93048,-122.296967,60,73,69
2,70,1348,372,561777,4198334.7,37.930481,-122.297036,67,84,72
2,71,1349,373,561777.3,4198334.4,37.930478,-122.297032,73,88,87
2,72,1349,374,561777.3,4198334.1,37.930475,-122.297032,72,91,73
2,73,1340,374,561774.6,4198334.1,37.930475,-122.297063,59,84,72
2,74,1360,375,561780.6,4198333.8,37.930472,-122.296995,30,44,45
2,75,1350,375,561777.6,4198333.8,37.930473,-122.297029,71,96,76
2,76,1371,377,561783.9,4198333.2,37.930467,-122.296957,27,25,39
2,77,1350,378,561777.6,4198332.9,37.930464,-122.297029,72,88,81
2,78,1360,385,561780.6,4198330.8,37.930445,-122.296995,62,74,77
2,79,465,1178,561512.1,4198092.9,37.928319,-122.30007,70,102,76
2,80,467,1181,561512.7,4198092,37.928311,-122.300064,81,98,73
2,81,469,1183,561513.3,4198091.4,37.928306,-122.300057,81,112,79
2,82,469,1188,561513.3,4198089.9,37.928292,-122.300057,91,120,82
2,83,466,1193,561512.4,4198088.4,37.928279,-122.300067,65,103,79
2,84,465,1194,561512.1,4198088.1,37.928276,-122.300071,68,80,64
2,85,466,1194,561512.4,4198088.1,37.928276,-122.300067,57,54,59
2,86,462,1197,561511.2,4198087.2,37.928268,-122.300081,55,72,63
2,87,461,1198,561510.9,4198086.9,37.928265,-122.300084,49,61,64
2,88,463,1206,561511.5,4198084.5,37.928244,-122.300078,87,108,86
2,89,122,1291,561409.2,4198059,37.928021,-122.301244,63,77,65
2,90,122,1292,561409.2,4198058.7,37.928018,-122.301244,43,64,68
2,91,141,1295,561414.9,4198057.8,37.92801,-122.301179,54,99,68
2,92,143,1296,561415.5,4198057.5,37.928007,-122.301172,42,65,71
2,93,143,1297,561415.5,4198057.2,37.928004,-122.301172,47,71,73
2,94,139,1297,561414.3,4198057.2,37.928004,-122.301186,56,86,75
2,95,128,1298,561411,4198056.9,37.928002,-122.301224,65,99,78
2,96,138,1298,561414,4198056.9,37.928002,-122.30119,59,94,77
2,97,129,1299,561411.3,4198056.6,37.927999,-122.30122,62,110,73
2,98,128,1299,561411,4198056.6,37.927999,-122.301224,64,115,88
2,99,129,1300,561411.3,4198056.3,37.927996,-122.30122,50,74,76
2,0,145,1303,561416.1,4198055.4,37.927988,-122.301166,53,68,74
2,1,145,1304,561416.1,4198055.1,37.927985,-122.301166,55,85,74
2,2,132,1304,561412.2,4198055.1,37.927986,-122.30121,41,72,61
2,3,132,1305,561412.2,4198054.8,37.927983,-122.30121,49,77,55
2,4,145,1305,561416.1,4198054.8,37.927983,-122.301166,67,106,89
2,5,145,1306,561416.1,4198054.5,37.92798,-122.301166,77,110,89
2,6,129,1307,561411.3,4198054.2,37.927977,-122.301221,44,70,75
2,7,128,1307,561411,4198054.2,37.927978,-122.301224,42,64,65
2,8,1360,1398,561780.6,4198026.9,37.927706,-122.297021,50,60,62
2,9,1361,1398,561780.9,4198026.9,37.927706,-122.297018,68,77,70
2,10,1354,1404,561778.8,4198025.1,37.92769,-122.297042,68,82,64
2,11,1353,1404,561778.5,4198025.1,37.92769,-122.297045,70,89,59
2,12,1355,1404,561779.1,4198025.1,37.92769,-122.297038,68,92,67
2,13,1353,1405,561778.5,4198024.8,37.927688,-122.297045,80,122,70
2,14,1357,1407,561779.7,4198024.2,37.927682,-122.297031,79,115,73
2,15,1358,1407,561780,4198024.2,37.927682,-122.297028,80,116,76
2,16,1357,1408,561779.7,4198023.9,37.927679,-122.297032,73,103,70
2,17,1352,1409,561778.2,4198023.6,37.927677,-122.297049,93,135,79
2,18,1352,1410,561778.2,4198023.3,37.927674,-122.297049,95,138,82
2,19,1351,1410,561777.9,4198023.3,37.927674,-122.297052,103,142,91
2,20,1360,1410,561780.6,4198023.3,37.927674,-122.297021,81,118,68
2,21,1348,1410,561777,4198023.3,37.927674,-122.297062,80,115,64
2,22,1348,1411,561777,4198023,37.927672,-122.297062,88,122,83
2,23,1350,1414,561777.6,4198022.1,37.927663,-122.297056,97,140,86
2,24,1359,1415,561780.3,4198021.8,37.92766,-122.297025,112,171,103
2,25,1357,1415,561779.7,4198021.8,37.927661,-122.297032,108,153,89
2,26,1356,1416,561779.4,4198021.5,37.927658,-122.297035,116,170,103
2,27,1351,1419,561777.9,4198020.6,37.92765,-122.297052,117,167,101
2,28,1359,1419,561780.3,4198020.6,37.92765,-122.297025,68,93,77
2,29,1351,1421,561777.9,4198020,37.927644,-122.297052,80,114,73
2,30,1352,1422,561778.2,4198019.7,37.927642,-122.297049,73,92,72
2,31,1351,1422,561777.9,4198019.7,37.927642,-122.297052,58,78,64
2,32,1360,1423,561780.6,4198019.4,37.927639,-122.297022,78,102,75
2,33,1355,1425,561779.1,4198018.8,37.927634,-122.297039,94,143,82
2,34,1377,1426,561785.7,4198018.5,37.92763,-122.296964,62,64,65
2,35,1376,1426,561785.4,4198018.5,37.92763,-122.296967,60,64,64
2,36,1355,1426,561779.1,4198018.5,37.927631,-122.297039,79,109,87
2,37,1381,1427,561786.9,4198018.2,37.927628,-122.29695,42,70,38
2,38,1368,1428,561783,4198017.9,37.927625,-122.296994,98,158,96
2,39,1369,1428,561783.3,4198017.9,37.927625,-122.296991,88,133,94
2,40,1368,1429,561783,4198017.6,37.927622,-122.296995,99,141,89
2,41,1357,1429,561779.7,4198017.6,37.927623,-122.297032,83,110,81
2,42,1382,1431,561787.2,4198017,37.927617,-122.296947,92,144,82
2,43,1381,1432,561786.9,4198016.7,37.927614,-122.29695,77,112,76
2,44,1372,1432,561784.2,4198016.7,37.927614,-122.296981,64,120,84
2,45,1371,1432,561783.9,4198016.7,37.927614,-122.296984,83,134,96
2,46,1377,1433,561785.7,4198016.4,37.927611,-122.296964,86,120,87
2,47,1380,1433,561786.6,4198016.4,37.927611,-122.296954,70,102,83
2,48,1379,1433,561786.3,4198016.4,37.927611,-122.296957,73,108,73
2,49,1378,1433,561786,4198016.4,37.927611,-122.29696,83,126,78
2,50,140,1479,561414.6,4198002.6,37.927512,-122.301187,58,69,72
2,51,134,1481,561412.8,4198002,37.927507,-122.301208,61,62,75
2,52,127,1484,561410.7,4198001.1,37.927499,-122.301232,53,62,64
2,53,140,1487,561414.6,4198000.2,37.927491,-122.301188,73,82,76
2,54,140,1488,561414.6,4197999.9,37.927488,-122.301188,78,95,93
2,55,133,1489,561412.5,4197999.6,37.927485,-122.301212,72,84,72
2,56,132,1489,561412.2,4197999.6,37.927485,-122.301215,76,83,73
2,57,140,1489,561414.6,4197999.6,37.927485,-122.301188,84,96,84
2,58,134,1489,561412.8,4197999.6,37.927485,-122.301208,63,70,75
2,59,139,1489,561414.3,4197999.6,37.927485,-122.301191,81,82,78
2,60,135,1490,561413.1,4197999.3,37.927483,-122.301205,64,74,77
2,61,139,1490,561414.3,4197999.3,37.927483,-122.301191,76,74,68
3,1,304,114,561463.8,4198412.1,37.931199,-122.300593,63,109,73
3,2,75,116,561395.1,4198411.5,37.931199,-122.301374,54,111,91
3,3,106,118,561404.4,4198410.9,37.931193,-122.301269,54,107,87
3,4,91,120,561399.9,4198410.3,37.931188,-122.30132,59,109,95
3,5,92,120,561400.2,4198410.3,37.931188,-122.301316,55,110,97
3,6,102,124,561403.2,4198409.1,37.931177,-122.301282,55,110,93
3,7,72,125,561394.2,4198408.8,37.931174,-122.301385,52,111,83
3,8,103,125,561403.5,4198408.8,37.931174,-122.301279,55,115,87
3,9,317,125,561467.7,4198408.8,37.931169,-122.300549,76,122,88
3,10,73,125,561394.5,4198408.8,37.931174,-122.301381,55,113,84
3,11,299,126,561462.3,4198408.5,37.931167,-122.30061,66,117,81
3,12,104,126,561403.8,4198408.5,37.931171,-122.301276,52,110,96
3,13,105,127,561404.1,4198408.2,37.931168,-122.301272,62,110,97
3,14,299,127,561462.3,4198408.2,37.931164,-122.30061,57,115,83
3,15,106,127,561404.4,4198408.2,37.931168,-122.301269,56,111,89
3,16,329,128,561471.3,4198407.9,37.931161,-122.300508,63,115,80
3,17,329,129,561471.3,4198407.6,37.931158,-122.300508,60,107,84
3,18,322,137,561469.2,4198405.2,37.931137,-122.300532,56,111,81
3,19,303,138,561463.5,4198404.9,37.931135,-122.300597,63,121,89
3,20,322,138,561469.2,4198404.9,37.931134,-122.300532,52,107,75
3,21,308,139,561465,4198404.6,37.931132,-122.30058,62,112,78
3,22,309,140,561465.3,4198404.3,37.931129,-122.300576,56,109,86
3,23,308,140,561465,4198404.3,37.931129,-122.30058,57,111,83
3,24,311,140,561465.9,4198404.3,37.931129,-122.300569,62,119,80
3,25,310,140,561465.6,4198404.3,37.931129,-122.300573,57,117,81
3,26,1126,234,561710.4,4198376.1,37.930858,-122.29779,55,103,92
3,27,1126,235,561710.4,4198375.8,37.930856,-122.29779,55,105,81
3,28,1102,236,561703.2,4198375.5,37.930853,-122.297872,53,108,73
3,29,1102,237,561703.2,4198375.2,37.930851,-122.297872,49,103,76
3,30,1099,239,561702.3,4198374.6,37.930845,-122.297882,49,105,77
3,31,1100,241,561702.6,4198374,37.93084,-122.297879,51,100,62
3,32,1108,241,561705,4198374,37.93084,-122.297851,50,106,61
3,33,1127,241,561710.7,4198374,37.930839,-122.297787,50,103,76
3,34,1108,242,561705,4198373.7,37.930837,-122.297851,54,106,72
3,35,1127,242,561710.7,4198373.7,37.930837,-122.297787,48,98,82
3,36,1100,242,561702.6,4198373.7,37.930837,-122.297879,53,104,61
3,37,1095,242,561701.1,4198373.7,37.930837,-122.297896,55,96,66
3,38,1109,242,561705.3,4198373.7,37.930837,-122.297848,54,102,77
3,39,1100,243,561702.6,4198373.4,37.930835,-122.297879,56,96,87
3,40,1100,249,561702.6,4198371.6,37.930818,-122.297879,58,102,69
3,41,1111,249,561705.9,4198371.6,37.930818,-122.297841,57,110,77
3,42,1100,250,561702.6,4198371.3,37.930816,-122.297879,62,104,72
3,43,1112,250,561706.2,4198371.3,37.930815,-122.297838,56,105,75
3,44,1100,251,561702.6,4198371,37.930813,-122.297879,55,107,77
3,45,1112,251,561706.2,4198371,37.930813,-122.297838,60,103,83
3,46,1100,252,561702.6,4198370.7,37.93081,-122.297879,55,107,72
3,47,1103,254,561703.5,4198370.1,37.930805,-122.297869,55,100,65
3,48,1096,254,561701.4,4198370.1,37.930805,-122.297893,58,93,77
3,49,1130,258,561711.6,4198368.9,37.930793,-122.297777,46,102,76
3,50,1131,261,561711.9,4198368,37.930785,-122.297773,49,100,73
3,51,1131,262,561711.9,4198367.7,37.930783,-122.297773,49,91,75
3,52,1131,263,561711.9,4198367.4,37.93078,-122.297773,55,98,80
3,53,1105,267,561704.1,4198366.2,37.93077,-122.297862,61,112,84
3,54,1106,268,561704.4,4198365.9,37.930767,-122.297859,64,116,78
3,55,1105,268,561704.1,4198365.9,37.930767,-122.297862,60,112,80
3,56,1124,269,561709.8,4198365.6,37.930764,-122.297798,50,97,79
3,57,1117,269,561707.7,4198365.6,37.930764,-122.297821,57,109,71
3,58,1115,269,561707.1,4198365.6,37.930764,-122.297828,59,117,68
3,59,1114,269,561706.8,4198365.6,37.930764,-122.297832,66,115,80
3,60,1113,269,561706.5,4198365.6,37.930764,-122.297835,61,117,71
3,61,226,417,561440.4,4198321.2,37.930382,-122.300867,56,111,81
3,62,193,454,561430.5,4198310.1,37.930282,-122.30098,52,102,86
3,63,193,455,561430.5,4198309.8,37.93028,-122.30098,51,107,77
3,64,192,456,561430.2,4198309.5,37.930277,-122.300984,54,111,79
3,65,193,456,561430.5,4198309.5,37.930277,-122.30098,50,102,81
3,66,192,457,561430.2,4198309.2,37.930274,-122.300984,51,114,88
3,67,85,459,561398.1,4198308.6,37.930271,-122.301349,59,104,90
3,68,89,459,561399.3,4198308.6,37.930271,-122.301335,73,116,96
3,69,85,461,561398.1,4198308,37.930266,-122.301349,56,107,78
3,70,179,462,561426.3,4198307.7,37.930261,-122.301028,51,107,79
3,71,85,463,561398.1,4198307.4,37.93026,-122.301349,60,107,86
3,72,105,464,561404.1,4198307.1,37.930257,-122.301281,89,127,97
3,73,107,464,561404.7,4198307.1,37.930257,-122.301274,84,119,96
3,74,106,464,561404.4,4198307.1,37.930257,-122.301277,83,125,103
3,75,85,465,561398.1,4198306.8,37.930255,-122.301349,64,115,91
3,76,117,465,561407.7,4198306.8,37.930254,-122.30124,87,124,91
3,77,188,467,561429,4198306.2,37.930247,-122.300998,57,103,74
3,78,96,468,561401.4,4198305.9,37.930247,-122.301312,71,116,85
3,79,187,468,561428.7,4198305.9,37.930245,-122.301001,50,106,69
3,80,94,469,561400.8,4198305.6,37.930244,-122.301319,71,113,94
3,81,95,469,561401.1,4198305.6,37.930244,-122.301315,73,113,85
3,82,93,470,561400.5,4198305.3,37.930241,-122.301322,73,115,92
3,83,105,471,561404.1,4198305,37.930238,-122.301281,89,127,95
3,84,103,471,561403.5,4198305,37.930238,-122.301288,80,118,99
3,85,92,471,561400.2,4198305,37.930239,-122.301325,63,94,82
3,86,186,472,561428.4,4198304.7,37.930234,-122.301005,51,104,78
3,87,186,473,561428.4,4198304.4,37.930231,-122.301005,48,100,75
3,88,94,474,561400.8,4198304.1,37.93023,-122.301319,67,108,78
3,89,171,474,561423.9,4198304.1,37.930229,-122.301056,54,106,88
3,90,186,474,561428.4,4198304.1,37.930229,-122.301005,52,104,77
3,91,94,475,561400.8,4198303.8,37.930228,-122.301319,71,111,88
3,92,171,475,561423.9,4198303.8,37.930226,-122.301056,57,105,73
3,93,86,475,561398.4,4198303.8,37.930228,-122.301346,49,101,76
3,94,87,476,561398.7,4198303.5,37.930225,-122.301343,58,95,83
3,95,184,478,561427.8,4198302.9,37.930218,-122.301012,52,109,88
3,96,121,478,561408.9,4198302.9,37.930219,-122.301227,91,131,94
3,97,88,479,561399,4198302.6,37.930217,-122.301339,63,110,89
3,98,183,479,561427.5,4198302.6,37.930215,-122.301015,50,99,73
3,99,94,479,561400.8,4198302.6,37.930217,-122.301319,57,105,82
3,0,122,480,561409.2,4198302.3,37.930214,-122.301223,82,121,91
3,1,170,480,561423.6,4198302.3,37.930213,-122.301059,63,109,79
3,2,171,480,561423.9,4198302.3,37.930213,-122.301056,58,102,78
3,3,183,480,561427.5,4198302.3,37.930212,-122.301015,50,96,72
3,4,87,480,561398.7,4198302.3,37.930214,-122.301343,69,111,87
3,5,109,480,561405.3,4198302.3,37.930214,-122.301268,88,124,96
3,6,108,480,561405,4198302.3,37.930214,-122.301271,88,127,88
3,7,172,481,561424.2,4198302,37.93021,-122.301053,57,95,78
3,8,179,481,561426.3,4198302,37.93021,-122.301029,48,96,68
3,9,123,481,561409.5,4198302,37.930211,-122.30122,80,119,95
3,10,171,481,561423.9,4198302,37.93021,-122.301056,53,93,78
3,11,109,481,561405.3,4198302,37.930211,-122.301268,87,124,98
3,12,174,481,561424.8,4198302,37.93021,-122.301046,58,98,76
3,13,123,482,561409.5,4198301.7,37.930208,-122.30122,80,112,91
3,14,177,482,561425.7,4198301.7,37.930207,-122.301036,60,101,80
3,15,178,482,561426,4198301.7,37.930207,-122.301032,56,105,76
3,16,176,482,561425.4,4198301.7,37.930207,-122.301039,63,104,81
3,17,124,483,561409.8,4198301.4,37.930205,-122.301217,82,111,84
3,18,106,483,561404.4,4198301.4,37.930206,-122.301278,81,113,88
3,19,105,484,561404.1,4198301.1,37.930203,-122.301281,87,122,102
3,20,113,485,561406.5,4198300.8,37.9302,-122.301254,88,123,97
3,21,113,486,561406.5,4198300.5,37.930198,-122.301254,88,120,95
3,22,97,488,561401.7,4198299.9,37.930192,-122.301309,63,105,87
3,23,83,488,561397.5,4198299.9,37.930193,-122.301357,57,101,84
3,24,84,488,561397.8,4198299.9,37.930193,-122.301353,57,105,73
3,25,95,489,561401.1,4198299.6,37.93019,-122.301316,58,98,87
3,26,100,489,561402.6,4198299.6,37.93019,-122.301299,65,105,90
3,27,96,489,561401.4,4198299.6,37.93019,-122.301312,60,104,93
3,28,100,490,561402.6,4198299.3,37.930187,-122.301299,70,103,93
3,29,124,490,561409.8,4198299.3,37.930187,-122.301217,100,132,92
3,30,125,490,561410.1,4198299.3,37.930187,-122.301213,98,132,108
3,31,95,490,561401.1,4198299.3,37.930187,-122.301316,59,95,80
3,32,100,491,561402.6,4198299,37.930184,-122.301299,67,108,78
3,33,78,491,561396,4198299,37.930185,-122.301374,58,104,84
3,34,101,491,561402.9,4198299,37.930184,-122.301295,64,103,88
3,35,107,492,561404.7,4198298.7,37.930181,-122.301275,81,119,88
3,36,108,492,561405,4198298.7,37.930181,-122.301271,85,120,96
3,37,116,495,561407.4,4198297.8,37.930173,-122.301244,101,133,103
3,38,117,495,561407.7,4198297.8,37.930173,-122.301241,99,130,101
3,39,267,514,561452.7,4198292.1,37.930119,-122.300729,58,106,89
3,40,264,514,561451.8,4198292.1,37.930119,-122.300739,62,114,73
3,41,265,514,561452.1,4198292.1,37.930119,-122.300736,62,114,90
3,42,266,514,561452.4,4198292.1,37.930119,-122.300733,60,107,72
3,43,257,516,561449.7,4198291.5,37.930114,-122.300763,62,104,81
3,44,256,517,561449.4,4198291.2,37.930111,-122.300767,60,105,86
3,45,254,521,561448.8,4198290,37.9301,-122.300774,61,109,82
3,46,282,521,561457.2,4198290,37.9301,-122.300678,44,110,75
3,47,253,522,561448.5,4198289.7,37.930097,-122.300777,58,105,76
3,48,254,522,561448.8,4198289.7,37.930097,-122.300774,56,109,81
3,49,270,523,561453.6,4198289.4,37.930094,-122.300719,53,107,76
3,50,253,523,561448.5,4198289.4,37.930095,-122.300777,58,104,78
3,51,267,527,561452.7,4198288.2,37.930084,-122.30073,52,101,82
3,52,283,527,561457.5,4198288.2,37.930083,-122.300675,51,103,68
3,53,267,528,561452.7,4198287.9,37.930081,-122.30073,60,104,75
3,54,265,528,561452.1,4198287.9,37.930081,-122.300736,56,107,75
3,55,264,528,561451.8,4198287.9,37.930081,-122.30074,50,105,78
3,56,253,528,561448.5,4198287.9,37.930081,-122.300777,59,116,83
3,57,263,528,561451.5,4198287.9,37.930081,-122.300743,48,103,78
3,58,282,528,561457.2,4198287.9,37.930081,-122.300678,47,102,82
3,59,282,529,561457.2,4198287.6,37.930078,-122.300678,45,99,72
3,60,253,529,561448.5,4198287.6,37.930078,-122.300777,68,123,83
3,61,282,530,561457.2,4198287.3,37.930075,-122.300678,42,103,70
3,62,253,530,561448.5,4198287.3,37.930076,-122.300777,73,118,83
3,63,282,531,561457.2,4198287,37.930072,-122.300678,46,107,66
3,64,254,531,561448.8,4198287,37.930073,-122.300774,71,123,81
3,65,254,532,561448.8,4198286.7,37.93007,-122.300774,68,119,79
3,66,268,533,561453,4198286.4,37.930067,-122.300726,59,108,77
3,67,255,533,561449.1,4198286.4,37.930068,-122.300771,72,118,90
3,68,264,535,561451.8,4198285.8,37.930062,-122.30074,70,114,91
3,69,263,535,561451.5,4198285.8,37.930062,-122.300743,64,117,86
3,70,248,537,561447,4198285.2,37.930057,-122.300795,57,117,77
3,71,280,537,561456.6,4198285.2,37.930056,-122.300685,46,96,66
3,72,280,538,561456.6,4198284.9,37.930054,-122.300685,51,105,75
3,73,248,538,561447,4198284.9,37.930054,-122.300795,58,120,84
3,74,250,539,561447.6,4198284.6,37.930051,-122.300788,56,111,84
3,75,251,539,561447.9,4198284.6,37.930051,-122.300784,51,106,77
3,76,253,540,561448.5,4198284.3,37.930049,-122.300778,54,112,84
3,77,252,540,561448.2,4198284.3,37.930049,-122.300781,53,114,80
3,78,253,541,561448.5,4198284,37.930046,-122.300778,54,106,84
3,79,275,541,561455.1,4198284,37.930046,-122.300703,57,96,80
3,80,255,542,561449.1,4198283.7,37.930043,-122.300771,52,112,76
3,81,275,542,561455.1,4198283.7,37.930043,-122.300703,58,99,68
3,82,269,543,561453.3,4198283.4,37.93004,-122.300723,65,103,86
3,83,270,543,561453.6,4198283.4,37.93004,-122.30072,62,102,84
3,84,268,543,561453,4198283.4,37.93004,-122.300726,60,113,83
3,85,267,543,561452.7,4198283.4,37.93004,-122.30073,58,113,87
3,86,262,544,561451.2,4198283.1,37.930038,-122.300747,51,102,84
3,87,263,544,561451.5,4198283.1,37.930038,-122.300744,55,106,72
3,88,225,594,561440.1,4198268.1,37.929903,-122.300875,54,117,83
3,89,219,598,561438.3,4198266.9,37.929893,-122.300895,57,115,80
3,90,218,598,561438,4198266.9,37.929893,-122.300899,56,111,84
3,91,240,601,561444.6,4198266,37.929884,-122.300824,54,100,79
3,92,230,604,561441.6,4198265.1,37.929876,-122.300858,60,110,73
3,93,230,605,561441.6,4198264.8,37.929873,-122.300858,54,108,77
3,94,242,608,561445.2,4198263.9,37.929865,-122.300817,63,114,71
3,95,217,610,561437.7,4198263.3,37.92986,-122.300902,54,98,82
3,96,217,611,561437.7,4198263,37.929857,-122.300902,51,105,76
3,97,216,611,561437.4,4198263,37.929858,-122.300906,46,94,74
3,98,230,613,561441.6,4198262.4,37.929852,-122.300858,54,109,77
3,99,221,615,561438.9,4198261.8,37.929847,-122.300889,54,105,77
3,0,236,616,561443.4,4198261.5,37.929844,-122.300838,68,117,89
3,1,215,622,561437.1,4198259.7,37.929828,-122.300909,56,107,76
3,2,247,625,561446.7,4198258.8,37.929819,-122.3008,64,117,82
3,3,230,625,561441.6,4198258.8,37.929819,-122.300858,64,122,91
3,4,226,627,561440.4,4198258.2,37.929814,-122.300872,63,109,84
3,5,242,628,561445.2,4198257.9,37.929811,-122.300817,65,117,85
3,6,228,628,561441,4198257.9,37.929811,-122.300865,65,114,86
3,7,229,629,561441.3,4198257.6,37.929809,-122.300862,60,111,87
4,1,231,288,561441.9,4198359.9,37.930731,-122.300846,135,132,126
4,2,206,289,561434.4,4198359.6,37.930728,-122.300932,150,150,132
4,3,210,289,561435.6,4198359.6,37.930728,-122.300918,149,152,135
4,4,220,294,561438.6,4198358.1,37.930715,-122.300884,155,156,147
4,5,228,299,561441,4198356.6,37.930701,-122.300857,148,140,142
4,6,226,303,561440.4,4198355.4,37.93069,-122.300864,171,167,158
4,7,213,304,561436.5,4198355.1,37.930688,-122.300908,150,148,138
4,8,212,304,561436.2,4198355.1,37.930688,-122.300912,166,168,155
4,9,202,304,561433.2,4198355.1,37.930688,-122.300946,140,141,140
4,10,225,305,561440.1,4198354.8,37.930685,-122.300867,167,171,159
4,11,218,306,561438,4198354.5,37.930682,-122.300891,148,142,135
4,12,225,306,561440.1,4198354.5,37.930682,-122.300867,163,165,156
4,13,219,307,561438.3,4198354.2,37.930679,-122.300888,147,142,135
4,14,220,307,561438.6,4198354.2,37.930679,-122.300884,148,131,125
4,15,222,307,561439.2,4198354.2,37.930679,-122.300877,144,141,131
4,16,221,307,561438.9,4198354.2,37.930679,-122.300881,140,134,132
4,17,222,308,561439.2,4198353.9,37.930677,-122.300878,146,143,132
4,18,228,315,561441,4198351.8,37.930658,-122.300857,137,144,136
4,19,229,316,561441.3,4198351.5,37.930655,-122.300854,144,144,145
4,20,228,316,561441,4198351.5,37.930655,-122.300857,140,142,134
4,21,200,317,561432.6,4198351.2,37.930653,-122.300953,129,134,125
4,22,224,318,561439.8,4198350.9,37.93065,-122.300871,147,153,138
4,23,223,318,561439.5,4198350.9,37.93065,-122.300874,151,155,142
4,24,221,318,561438.9,4198350.9,37.93065,-122.300881,148,141,140
4,25,206,318,561434.4,4198350.9,37.93065,-122.300932,135,140,130
4,26,220,318,561438.6,4198350.9,37.93065,-122.300885,143,140,145
4,27,200,318,561432.6,4198350.9,37.93065,-122.300953,122,123,124
4,28,214,319,561436.8,4198350.6,37.930647,-122.300905,140,140,139
4,29,206,319,561434.4,4198350.6,37.930647,-122.300932,134,140,127
4,30,226,319,561440.4,4198350.6,37.930647,-122.300864,148,144,137
4,31,212,320,561436.2,4198350.3,37.930644,-122.300912,143,145,135
4,32,228,320,561441,4198350.3,37.930644,-122.300857,149,143,142
4,33,211,320,561435.9,4198350.3,37.930644,-122.300915,140,140,138
4,34,213,320,561436.5,4198350.3,37.930644,-122.300909,148,148,140
4,35,233,321,561442.5,4198350,37.930641,-122.30084,135,135,135
4,36,233,322,561442.5,4198349.7,37.930639,-122.30084,134,130,144
4,37,232,322,561442.2,4198349.7,37.930639,-122.300844,137,135,135
4,38,203,325,561433.5,4198348.8,37.930631,-122.300943,108,115,102
4,39,203,326,561433.5,4198348.5,37.930628,-122.300943,113,117,104
4,40,204,326,561433.8,4198348.5,37.930628,-122.300939,113,113,114
4,41,205,326,561434.1,4198348.5,37.930628,-122.300936,117,125,118
4,42,206,326,561434.4,4198348.5,37.930628,-122.300933,120,136,120
4,43,223,327,561439.5,4198348.2,37.930625,-122.300875,146,144,133
4,44,212,328,561436.2,4198347.9,37.930623,-122.300912,128,130,126
4,45,326,333,561470.4,4198346.4,37.930607,-122.300523,126,115,101
4,46,301,334,561462.9,4198346.1,37.930605,-122.300609,161,145,131
4,47,302,334,561463.2,4198346.1,37.930605,-122.300605,160,147,122
4,48,314,334,561466.8,4198346.1,37.930604,-122.300564,155,138,133
4,49,326,340,561470.4,4198344.3,37.930588,-122.300523,125,116,110
4,50,327,340,561470.7,4198344.3,37.930588,-122.30052,122,112,104
4,51,325,341,561470.1,4198344,37.930585,-122.300527,140,130,122
4,52,326,341,561470.4,4198344,37.930585,-122.300523,134,130,111
4,53,307,342,561464.7,4198343.7,37.930583,-122.300588,165,160,137
4,54,314,347,561466.8,4198342.2,37.930569,-122.300564,143,131,127
4,55,315,348,561467.1,4198341.9,37.930567,-122.300561,144,127,122
4,56,316,349,561467.4,4198341.6,37.930564,-122.300558,147,130,123
4,57,309,357,561465.3,4198339.2,37.930542,-122.300582,167,156,143
4,58,321,358,561468.9,4198338.9,37.930539,-122.300541,146,140,129
4,59,320,358,561468.6,4198338.9,37.930539,-122.300544,153,141,124
4,60,309,358,561465.3,4198338.9,37.93054,-122.300582,163,147,140
4,61,319,358,561468.3,4198338.9,37.930539,-122.300548,156,143,133
4,62,310,359,561465.6,4198338.6,37.930537,-122.300578,167,155,144
4,63,318,359,561468,4198338.6,37.930537,-122.300551,154,143,133
4,64,317,365,561467.7,4198336.8,37.930521,-122.300555,157,141,131
4,65,329,366,561471.3,4198336.5,37.930518,-122.300514,152,140,121
4,66,329,367,561471.3,4198336.2,37.930515,-122.300514,162,146,133
4,67,328,367,561471,4198336.2,37.930515,-122.300517,161,145,140
4,68,453,536,561508.5,4198285.5,37.930055,-122.300095,171,163,162
4,69,441,538,561504.9,4198284.9,37.93005,-122.300136,156,164,141
4,70,448,540,561507,4198284.3,37.930045,-122.300112,165,158,154
4,71,446,540,561506.4,4198284.3,37.930045,-122.300119,158,142,140
4,72,447,540,561506.7,4198284.3,37.930045,-122.300115,163,147,139
4,73,436,541,561503.4,4198284,37.930042,-122.300153,135,127,123
4,74,1631,542,561861.9,4198283.7,37.930015,-122.296074,110,106,113
4,75,1652,545,561868.2,4198282.8,37.930007,-122.296002,126,109,119
4,76,453,545,561508.5,4198282.8,37.930031,-122.300095,145,127,131
4,77,406,546,561494.4,4198282.5,37.930029,-122.300256,140,129,119
4,78,1626,546,561860.4,4198282.5,37.930005,-122.296091,135,126,124
4,79,1626,547,561860.4,4198282.2,37.930002,-122.296091,132,113,116
4,80,434,547,561502.8,4198282.2,37.930026,-122.30016,143,136,128
4,81,450,547,561507.6,4198282.2,37.930026,-122.300105,148,141,130
4,82,441,547,561504.9,4198282.2,37.930026,-122.300136,141,130,127
4,83,434,548,561502.8,4198281.9,37.930023,-122.30016,144,131,114
4,84,1624,548,561859.8,4198281.9,37.929999,-122.296098,132,127,115
4,85,1648,550,561867,4198281.3,37.929993,-122.296016,126,114,111
4,86,446,550,561506.4,4198281.3,37.930018,-122.300119,133,120,116
4,87,450,551,561507.6,4198281,37.930015,-122.300105,145,144,116
4,88,451,551,561507.9,4198281,37.930015,-122.300102,147,137,122
4,89,405,552,561494.1,4198280.7,37.930013,-122.300259,126,122,106
4,90,1632,553,561862.2,4198280.4,37.929986,-122.296071,114,114,108
4,91,426,553,561500.4,4198280.4,37.93001,-122.300187,147,134,120
4,92,447,553,561506.7,4198280.4,37.93001,-122.300116,131,123,123
4,93,439,553,561504.3,4198280.4,37.93001,-122.300143,128,124,110
4,94,448,553,561507,4198280.4,37.93001,-122.300112,140,129,125
4,95,426,554,561500.4,4198280.1,37.930007,-122.300187,142,123,117
4,96,425,555,561500.1,4198279.8,37.930005,-122.300191,145,138,123
4,97,435,558,561503.1,4198278.9,37.929996,-122.300157,138,132,116
4,98,1641,558,561864.9,4198278.9,37.929972,-122.29604,120,108,112
4,99,430,558,561501.6,4198278.9,37.929996,-122.300174,140,131,123
4,0,431,558,561501.9,4198278.9,37.929996,-122.30017,140,129,126
4,1,428,559,561501,4198278.6,37.929994,-122.300181,134,130,123
4,2,430,559,561501.6,4198278.6,37.929994,-122.300174,138,131,121
4,3,423,561,561499.5,4198278,37.929988,-122.300198,141,133,124
4,4,438,562,561504,4198277.7,37.929985,-122.300147,134,134,106
4,5,404,562,561493.8,4198277.7,37.929986,-122.300263,121,112,96
4,6,442,562,561505.2,4198277.7,37.929985,-122.300133,136,125,114
4,7,405,562,561494.1,4198277.7,37.929986,-122.300259,119,109,102
4,8,441,563,561504.9,4198277.4,37.929983,-122.300136,144,132,112
4,9,439,563,561504.3,4198277.4,37.929983,-122.300143,140,128,110
4,10,440,563,561504.6,4198277.4,37.929983,-122.30014,141,130,123
4,11,419,566,561498.3,4198276.5,37.929975,-122.300212,143,134,117
4,12,429,566,561501.3,4198276.5,37.929975,-122.300178,146,135,110
4,13,438,567,561504,4198276.2,37.929972,-122.300147,139,127,113
4,14,1649,569,561867.3,4198275.6,37.929942,-122.296013,138,118,109
4,15,447,569,561506.7,4198275.6,37.929966,-122.300116,153,138,119
4,16,1649,570,561867.3,4198275.3,37.929939,-122.296013,144,130,121
4,17,1654,571,561868.8,4198275,37.929936,-122.295996,144,129,122
4,18,1654,572,561868.8,4198274.7,37.929934,-122.295996,148,141,128
4,19,1654,574,561868.8,4198274.1,37.929928,-122.295996,134,129,118
4,20,1655,574,561869.1,4198274.1,37.929928,-122.295993,139,120,129
4,21,1648,576,561867,4198273.5,37.929923,-122.296017,132,134,124
4,22,1649,576,561867.3,4198273.5,37.929923,-122.296013,122,108,112
4,23,386,577,561488.4,4198273.2,37.929946,-122.300325,53,58,91
4,24,1607,584,561854.7,4198271.1,37.929902,-122.296157,120,117,108
4,25,1605,586,561854.1,4198270.5,37.929897,-122.296164,131,117,114
4,26,1621,587,561858.9,4198270.2,37.929894,-122.296109,139,120,118
4,27,1599,588,561852.3,4198269.9,37.929892,-122.296184,112,105,107
4,28,1618,588,561858,4198269.9,37.929891,-122.296119,141,133,127
4,29,1607,589,561854.7,4198269.6,37.929889,-122.296157,136,131,111
4,30,1618,589,561858,4198269.6,37.929888,-122.29612,132,121,110
4,31,1599,589,561852.3,4198269.6,37.929889,-122.296184,122,114,111
4,32,1606,589,561854.4,4198269.6,37.929889,-122.29616,148,140,129
4,33,1606,590,561854.4,4198269.3,37.929886,-122.29616,127,109,103
4,34,1593,591,561850.5,4198269,37.929884,-122.296205,123,113,105
4,35,1597,596,561851.7,4198267.5,37.92987,-122.296191,113,97,95
4,36,1596,597,561851.4,4198267.2,37.929867,-122.296195,119,112,105
4,37,1605,601,561854.1,4198266,37.929856,-122.296164,126,119,112
4,38,1605,602,561854.1,4198265.7,37.929854,-122.296164,134,123,120
4,39,1606,612,561854.4,4198262.7,37.929827,-122.296161,120,117,111
4,40,1606,616,561854.4,4198261.5,37.929816,-122.296161,96,92,94
4,41,1611,617,561855.9,4198261.2,37.929813,-122.296144,114,110,104
4,42,1451,641,561807.9,4198254,37.929751,-122.296691,123,112,113
4,43,1444,641,561805.8,4198254,37.929751,-122.296715,125,119,113
4,44,1454,647,561808.8,4198252.2,37.929735,-122.296681,122,119,109
4,45,1446,648,561806.4,4198251.9,37.929732,-122.296708,121,117,113
4,46,1472,648,561814.2,4198251.9,37.929732,-122.296619,117,115,102
4,47,1456,648,561809.4,4198251.9,37.929732,-122.296674,120,115,101
4,48,1455,648,561809.1,4198251.9,37.929732,-122.296677,121,116,111
4,49,1474,649,561814.8,4198251.6,37.929729,-122.296613,116,109,101
4,50,1456,649,561809.4,4198251.6,37.92973,-122.296674,116,109,112
4,51,1473,649,561814.5,4198251.6,37.929729,-122.296616,117,117,105
4,52,1475,650,561815.1,4198251.3,37.929726,-122.296609,114,110,109
4,53,1474,650,561814.8,4198251.3,37.929726,-122.296613,119,115,107
4,54,1457,653,561809.7,4198250.4,37.929719,-122.296671,117,114,101
4,55,1458,653,561810,4198250.4,37.929719,-122.296667,116,110,101
4,56,1473,655,561814.5,4198249.8,37.929713,-122.296616,118,110,105
4,57,1473,656,561814.5,4198249.5,37.92971,-122.296616,120,111,110
4,58,1472,656,561814.2,4198249.5,37.92971,-122.29662,120,112,99
4,59,1468,659,561813,4198248.6,37.929702,-122.296633,113,109,101
4,60,1449,659,561807.3,4198248.6,37.929703,-122.296698,104,98,95
4,61,1450,659,561807.6,4198248.6,37.929703,-122.296695,109,102,101
4,62,1467,659,561812.7,4198248.6,37.929702,-122.296637,112,106,94
4,63,1467,660,561812.7,4198248.3,37.9297,-122.296637,108,113,102
4,64,1463,662,561811.5,4198247.7,37.929694,-122.29665,105,106,94
4,65,1461,662,561810.9,4198247.7,37.929694,-122.296657,103,100,90
4,66,1461,663,561810.9,4198247.4,37.929692,-122.296657,106,98,100
4,67,1460,663,561810.6,4198247.4,37.929692,-122.296661,105,103,105
4,68,1456,664,561809.4,4198247.1,37.929689,-122.296674,103,96,91
4,69,1455,664,561809.1,4198247.1,37.929689,-122.296678,106,98,100
4,70,1454,664,561808.8,4198247.1,37.929689,-122.296681,102,90,99
4,71,1643,727,561865.5,4198228.2,37.929515,-122.296038,143,141,125
4,72,1647,727,561866.7,4198228.2,37.929515,-122.296024,120,106,103
4,73,1644,731,561865.8,4198227,37.929504,-122.296034,128,125,116
4,74,1644,732,561865.8,4198226.7,37.929501,-122.296034,135,129,114
4,75,1644,733,561865.8,4198226.4,37.929499,-122.296034,137,136,112
4,76,1655,736,561869.1,4198225.5,37.92949,-122.295997,133,123,122
4,77,1651,738,561867.9,4198224.9,37.929485,-122.296011,124,120,108
4,78,1655,741,561869.1,4198224,37.929477,-122.295997,120,120,112
4,79,1656,748,561869.4,4198221.9,37.929458,-122.295994,138,130,115
4,80,1655,748,561869.1,4198221.9,37.929458,-122.295997,144,138,127
4,81,1657,753,561869.7,4198220.4,37.929444,-122.295991,145,140,123
4,82,1606,836,561854.4,4198195.5,37.929221,-122.296167,118,109,101
4,83,1595,837,561851.1,4198195.2,37.929218,-122.296204,113,107,101
4,84,1607,837,561854.7,4198195.2,37.929218,-122.296163,115,107,99
4,85,1594,842,561850.8,4198193.7,37.929205,-122.296208,113,108,97
4,86,1594,843,561850.8,4198193.4,37.929202,-122.296208,119,107,90
4,87,1611,843,561855.9,4198193.4,37.929202,-122.29615,119,102,96
4,88,1594,844,561850.8,4198193.1,37.9292,-122.296208,119,108,92
4,89,1611,844,561855.9,4198193.1,37.929199,-122.29615,116,107,93
4,90,1616,851,561857.4,4198191,37.92918,-122.296133,117,109,97
4,91,1605,855,561854.1,4198189.8,37.92917,-122.296171,116,114,104
4,92,54,1021,561388.8,4198140,37.928752,-122.301469,199,179,164
4,93,57,1022,561389.7,4198139.7,37.92875,-122.301459,209,197,176
4,94,56,1022,561389.4,4198139.7,37.92875,-122.301462,209,194,175
4,95,58,1023,561390,4198139.4,37.928747,-122.301456,206,193,176
4,96,53,1024,561388.5,4198139.1,37.928744,-122.301473,198,183,172
4,97,62,1028,561391.2,4198137.9,37.928733,-122.301442,177,155,149
4,98,71,1029,561393.9,4198137.6,37.92873,-122.301411,156,135,139
4,99,70,1029,561393.6,4198137.6,37.92873,-122.301415,160,152,139
4,0,67,1030,561392.7,4198137.3,37.928728,-122.301425,198,178,163
4,1,67,1031,561392.7,4198137,37.928725,-122.301425,191,169,160
4,2,71,1033,561393.9,4198136.4,37.928719,-122.301411,186,172,151
4,3,71,1034,561393.9,4198136.1,37.928717,-122.301412,178,164,144
4,4,65,1034,561392.1,4198136.1,37.928717,-122.301432,191,180,155
4,5,62,1037,561391.2,4198135.2,37.928709,-122.301442,203,183,164
4,6,63,1037,561391.5,4198135.2,37.928709,-122.301439,197,176,167
4,7,62,1038,561391.2,4198134.9,37.928706,-122.301442,202,187,169
4,8,70,1038,561393.6,4198134.9,37.928706,-122.301415,191,181,169
4,9,58,1039,561390,4198134.6,37.928704,-122.301456,210,192,179
4,10,59,1041,561390.3,4198134,37.928698,-122.301453,211,192,178
4,11,56,1041,561389.4,4198134,37.928698,-122.301463,203,191,168
4,12,1140,1218,561714.6,4198080.9,37.928198,-122.297767,181,167,159
4,13,1139,1218,561714.3,4198080.9,37.928198,-122.297771,185,169,157
4,14,1149,1220,561717.3,4198080.3,37.928192,-122.297737,177,165,149
4,15,1150,1220,561717.6,4198080.3,37.928192,-122.297733,172,155,144
4,16,1148,1220,561717,4198080.3,37.928192,-122.29774,177,172,160
4,17,1151,1221,561717.9,4198080,37.928189,-122.29773,173,162,151
4,18,1130,1221,561711.6,4198080,37.92819,-122.297802,149,132,125
4,19,1130,1222,561711.6,4198079.7,37.928187,-122.297802,158,144,136
4,20,1127,1229,561710.7,4198077.6,37.928168,-122.297812,172,161,153
4,21,1154,1230,561718.8,4198077.3,37.928165,-122.29772,169,157,144
4,22,1127,1230,561710.7,4198077.3,37.928165,-122.297812,177,167,142
4,23,1127,1231,561710.7,4198077,37.928163,-122.297812,178,165,152
4,24,1143,1233,561715.5,4198076.4,37.928157,-122.297757,186,175,162
4,25,1147,1233,561716.7,4198076.4,37.928157,-122.297744,173,164,149
4,26,1127,1233,561710.7,4198076.4,37.928157,-122.297812,168,154,139
4,27,1146,1233,561716.4,4198076.4,37.928157,-122.297747,174,157,144
4,28,1144,1233,561715.8,4198076.4,37.928157,-122.297754,180,165,155
4,29,1145,1233,561716.1,4198076.4,37.928157,-122.297751,178,163,151
4,30,1152,1234,561718.2,4198076.1,37.928154,-122.297727,174,165,150
4,31,1150,1234,561717.6,4198076.1,37.928154,-122.297734,182,170,155
4,32,1154,1235,561718.8,4198075.8,37.928151,-122.29772,174,159,146
4,33,1155,1235,561719.1,4198075.8,37.928151,-122.297717,173,160,146
4,34,1156,1236,561719.4,4198075.5,37.928149,-122.297713,168,153,140
4,35,1155,1236,561719.1,4198075.5,37.928149,-122.297717,171,158,144
4,36,1142,1236,561715.2,4198075.5,37.928149,-122.297761,150,142,137
4,37,1157,1237,561719.7,4198075.2,37.928146,-122.29771,171,165,141
4,38,1142,1237,561715.2,4198075.2,37.928146,-122.297761,146,136,127
4,39,1127,1238,561710.7,4198074.9,37.928144,-122.297812,174,166,148
4,40,1127,1239,561710.7,4198074.6,37.928141,-122.297812,178,165,154
4,41,1145,1242,561716.1,4198073.7,37.928133,-122.297751,147,137,138
4,42,1146,1243,561716.4,4198073.4,37.92813,-122.297747,153,142,138
4,43,1146,1244,561716.4,4198073.1,37.928127,-122.297748,157,162,145
4,44,1156,1248,561719.4,4198071.9,37.928116,-122.297713,173,150,147
4,45,1155,1248,561719.1,4198071.9,37.928116,-122.297717,162,138,134
4,46,1157,1248,561719.7,4198071.9,37.928116,-122.29771,178,169,151
4,47,1154,1248,561718.8,4198071.9,37.928116,-122.29772,175,170,154
4,48,1161,1250,561720.9,4198071.3,37.928111,-122.297696,177,161,149
4,49,1161,1251,561720.9,4198071,37.928108,-122.297696,179,164,149
4,50,1136,1252,561713.4,4198070.7,37.928106,-122.297782,174,156,137
4,51,1137,1253,561713.7,4198070.4,37.928103,-122.297778,174,161,137
4,52,1161,1254,561720.9,4198070.1,37.9281,-122.297697,185,174,157
4,53,1139,1255,561714.3,4198069.8,37.928098,-122.297772,175,164,150
4,54,1161,1255,561720.9,4198069.8,37.928097,-122.297697,187,173,162
4,55,1141,1257,561714.9,4198069.2,37.928092,-122.297765,171,161,144
5,1,1125,386,561710.1,4198330.5,37.930447,-122.297797,17,29,29
5,2,1117,393,561707.7,4198328.4,37.930429,-122.297825,19,21,30
5,3,1116,394,561707.4,4198328.1,37.930426,-122.297828,20,29,33
5,4,1124,399,561709.8,4198326.6,37.930412,-122.297801,25,33,33
5,5,1116,399,561707.4,4198326.6,37.930412,-122.297828,18,33,26
5,6,1124,400,561709.8,4198326.3,37.93041,-122.297801,20,34,21
5,7,1116,407,561707.4,4198324.2,37.930391,-122.297828,19,25,21
5,8,1125,408,561710.1,4198323.9,37.930388,-122.297798,17,26,24
5,9,1116,408,561707.4,4198323.9,37.930388,-122.297828,17,26,20
5,10,1116,409,561707.4,4198323.6,37.930385,-122.297828,15,26,26
5,11,1125,409,561710.1,4198323.6,37.930385,-122.297798,16,33,37
5,12,1115,410,561707.1,4198323.3,37.930383,-122.297832,18,23,44
5,13,1114,411,561706.8,4198323,37.93038,-122.297835,16,27,35
5,14,1120,415,561708.6,4198321.8,37.930369,-122.297815,15,28,37
5,15,1119,415,561708.3,4198321.8,37.930369,-122.297818,14,23,47
5,16,1105,417,561704.1,4198321.2,37.930364,-122.297866,18,21,34
5,17,1115,418,561707.1,4198320.9,37.930361,-122.297832,25,23,36
5,18,1123,433,561709.5,4198316.4,37.93032,-122.297805,18,19,33
5,19,1121,434,561708.9,4198316.1,37.930318,-122.297812,21,30,23
5,20,1121,435,561708.9,4198315.8,37.930315,-122.297812,20,22,31
5,21,1121,436,561708.9,4198315.5,37.930312,-122.297812,19,27,38
5,22,1121,437,561708.9,4198315.2,37.93031,-122.297812,19,25,34
5,23,1121,438,561708.9,4198314.9,37.930307,-122.297812,20,22,28
5,24,1127,438,561710.7,4198314.9,37.930307,-122.297792,17,22,41
5,25,1128,439,561711,4198314.6,37.930304,-122.297788,20,22,23
5,26,1127,439,561710.7,4198314.6,37.930304,-122.297792,16,24,30
5,27,1121,440,561708.9,4198314.3,37.930301,-122.297812,19,24,42
5,28,1341,441,561774.9,4198314,37.930294,-122.297061,25,30,36
5,29,1356,441,561779.4,4198314,37.930294,-122.29701,25,34,40
5,30,1341,442,561774.9,4198313.7,37.930292,-122.297061,25,31,37
5,31,1130,443,561711.6,4198313.4,37.930293,-122.297782,17,26,39
5,32,1130,444,561711.6,4198313.1,37.93029,-122.297782,18,22,26
5,33,1353,445,561778.5,4198312.8,37.930283,-122.29702,24,24,40
5,34,1352,446,561778.2,4198312.5,37.930281,-122.297024,24,30,55
5,35,1352,447,561778.2,4198312.2,37.930278,-122.297024,25,30,35
5,36,1334,448,561772.8,4198311.9,37.930275,-122.297085,23,22,35
5,37,1352,448,561778.2,4198311.9,37.930275,-122.297024,25,32,36
5,38,1151,448,561717.9,4198311.9,37.930279,-122.29771,24,26,28
5,39,1343,449,561775.5,4198311.6,37.930273,-122.297055,24,24,51
5,40,1131,450,561711.9,4198311.3,37.930274,-122.297778,18,26,24
5,41,1343,450,561775.5,4198311.3,37.93027,-122.297055,23,22,36
5,42,1133,451,561712.5,4198311,37.930271,-122.297771,25,24,27
5,43,1328,452,561771,4198310.7,37.930265,-122.297106,22,19,50
5,44,1328,453,561771,4198310.4,37.930262,-122.297106,20,25,32
5,45,1352,454,561778.2,4198310.1,37.930259,-122.297024,19,27,37
5,46,1320,454,561768.6,4198310.1,37.93026,-122.297133,26,21,43
5,47,1124,455,561709.8,4198309.8,37.930261,-122.297802,25,26,26
5,48,1352,455,561778.2,4198309.8,37.930256,-122.297024,24,28,22
5,49,1353,455,561778.5,4198309.8,37.930256,-122.297021,26,32,34
5,50,1124,456,561709.8,4198309.5,37.930258,-122.297802,18,28,26
5,51,1124,457,561709.8,4198309.2,37.930255,-122.297802,19,24,20
5,52,1123,457,561709.5,4198309.2,37.930255,-122.297806,19,24,23
5,53,1123,458,561709.5,4198308.9,37.930253,-122.297806,18,15,18
5,54,1347,459,561776.7,4198308.6,37.930245,-122.297041,19,23,37
5,55,1345,460,561776.1,4198308.3,37.930243,-122.297048,25,23,38
5,56,1344,460,561775.8,4198308.3,37.930243,-122.297051,24,29,37
5,57,1150,460,561717.6,4198308.3,37.930247,-122.297714,13,21,23
5,58,1338,460,561774,4198308.3,37.930243,-122.297072,27,33,43
5,59,1337,460,561773.7,4198308.3,37.930243,-122.297075,26,36,48
5,60,1331,460,561771.9,4198308.3,37.930243,-122.297096,21,29,33
5,61,1330,460,561771.6,4198308.3,37.930243,-122.297099,22,28,40
5,62,1329,460,561771.3,4198308.3,37.930243,-122.297103,18,29,39
5,63,1339,460,561774.3,4198308.3,37.930243,-122.297069,32,42,46
5,64,1151,460,561717.9,4198308.3,37.930247,-122.29771,16,25,36
5,65,1130,465,561711.6,4198306.8,37.930234,-122.297782,18,18,29
5,66,1404,1073,561793.8,4198124.4,37.928584,-122.296862,17,31,39
5,67,1405,1073,561794.1,4198124.4,37.928584,-122.296859,23,22,40
5,68,1393,1074,561790.5,4198124.1,37.928582,-122.2969,33,35,61
5,69,1392,1074,561790.2,4198124.1,37.928582,-122.296903,22,26,40
5,70,1377,1074,561785.7,4198124.1,37.928582,-122.296955,23,27,31
5,71,1377,1075,561785.7,4198123.8,37.928579,-122.296955,21,26,27
5,72,1407,1075,561794.7,4198123.8,37.928579,-122.296852,21,28,37
5,73,1407,1076,561794.7,4198123.5,37.928576,-122.296852,26,28,31
5,74,1408,1076,561795,4198123.5,37.928576,-122.296849,23,31,45
5,75,1408,1077,561795,4198123.2,37.928573,-122.296849,28,36,40
5,76,1387,1080,561788.7,4198122.3,37.928566,-122.296921,24,27,41
5,77,1394,1081,561790.8,4198122,37.928563,-122.296897,25,26,54
5,78,1394,1082,561790.8,4198121.7,37.92856,-122.296897,26,29,39
5,79,1401,1083,561792.9,4198121.4,37.928557,-122.296873,21,26,48
5,80,1400,1084,561792.6,4198121.1,37.928555,-122.296876,25,23,40
5,81,1401,1084,561792.9,4198121.1,37.928555,-122.296873,23,26,32
5,82,1399,1086,561792.3,4198120.5,37.928549,-122.29688,25,20,38
5,83,1398,1087,561792,4198120.2,37.928547,-122.296883,26,35,36
5,84,1397,1087,561791.7,4198120.2,37.928547,-122.296887,26,35,51
5,85,1397,1088,561791.7,4198119.9,37.928544,-122.296887,24,28,39
5,86,1398,1088,561792,4198119.9,37.928544,-122.296883,28,37,43
5,87,1398,1089,561792,4198119.6,37.928541,-122.296883,18,37,41
5,88,1389,1090,561789.3,4198119.3,37.928539,-122.296914,22,28,47
5,89,1390,1090,561789.6,4198119.3,37.928539,-122.296911,24,28,34
5,90,1404,1092,561793.8,4198118.7,37.928533,-122.296863,25,29,42
5,91,1614,1273,561856.8,4198064.4,37.928039,-122.296151,27,34,51
5,92,1614,1274,561856.8,4198064.1,37.928037,-122.296151,25,33,40
5,93,1614,1281,561856.8,4198062,37.928018,-122.296151,19,27,55
5,94,1474,1283,561814.8,4198061.4,37.928015,-122.296629,21,31,34
5,95,1603,1283,561853.5,4198061.4,37.928012,-122.296189,19,32,48
5,96,1605,1284,561854.1,4198061.1,37.92801,-122.296182,22,33,44
5,97,1606,1284,561854.4,4198061.1,37.92801,-122.296178,19,32,36
5,98,1618,1285,561858,4198060.8,37.928007,-122.296137,22,22,35
5,99,1615,1285,561857.1,4198060.8,37.928007,-122.296148,23,24,31
5,0,1618,1286,561858,4198060.5,37.928004,-122.296137,23,32,40
5,1,1615,1286,561857.1,4198060.5,37.928004,-122.296148,24,31,34
5,2,1477,1288,561815.7,4198059.9,37.928001,-122.296619,20,28,38
5,3,1615,1289,561857.1,4198059.6,37.927996,-122.296148,20,27,31
5,4,1615,1290,561857.1,4198059.3,37.927993,-122.296148,20,27,34
5,5,1619,1290,561858.3,4198059.3,37.927993,-122.296134,20,22,36
5,6,1615,1291,561857.1,4198059,37.927991,-122.296148,20,25,38
5,7,1481,1292,561816.9,4198058.7,37.927991,-122.296605,23,26,40
5,8,1481,1293,561816.9,4198058.4,37.927988,-122.296605,24,29,31
5,9,1480,1299,561816.6,4198056.6,37.927972,-122.296609,19,22,29
5,10,1480,1300,561816.6,4198056.3,37.927969,-122.296609,25,22,24
5,11,1495,1301,561821.1,4198056,37.927966,-122.296558,28,38,48
5,12,1491,1309,561819.9,4198053.6,37.927944,-122.296572,25,21,27
5,13,1483,1310,561817.5,4198053.3,37.927942,-122.296599,25,25,31
5,14,1489,1313,561819.3,4198052.4,37.927934,-122.296578,24,26,42
5,15,1476,1313,561815.4,4198052.4,37.927934,-122.296623,22,26,31
5,16,1495,1314,561821.1,4198052.1,37.927931,-122.296558,25,19,34
5,17,1478,1314,561816,4198052.1,37.927931,-122.296616,31,28,37
5,18,1487,1317,561818.7,4198051.2,37.927923,-122.296585,23,25,25
5,19,1472,1321,561814.2,4198050,37.927912,-122.296637,22,17,35
5,20,1479,1325,561816.3,4198048.8,37.927901,-122.296613,22,29,45
5,21,1485,1330,561818.1,4198047.3,37.927888,-122.296593,18,23,36
5,22,139,1330,561414.3,4198047.3,37.927915,-122.301187,28,39,47
5,23,147,1332,561416.7,4198046.7,37.92791,-122.30116,27,35,38
5,24,148,1333,561417,4198046.4,37.927907,-122.301156,27,25,42
5,25,147,1333,561416.7,4198046.4,37.927907,-122.30116,27,31,31
5,26,1451,1333,561807.9,4198046.4,37.92788,-122.296709,49,75,65
5,27,146,1334,561416.4,4198046.1,37.927904,-122.301163,32,27,47
5,28,143,1335,561415.5,4198045.8,37.927902,-122.301173,27,30,51
5,29,144,1335,561415.8,4198045.8,37.927901,-122.30117,35,30,47
5,30,151,1335,561417.9,4198045.8,37.927901,-122.301146,32,33,39
5,31,146,1336,561416.4,4198045.5,37.927899,-122.301163,27,27,52
5,32,152,1340,561418.2,4198044.3,37.927888,-122.301143,29,30,54
5,33,151,1340,561417.9,4198044.3,37.927888,-122.301146,30,32,42
5,34,149,1341,561417.3,4198044,37.927885,-122.301153,24,29,39
5,35,140,1341,561414.6,4198044,37.927885,-122.301184,25,31,32
5,36,150,1342,561417.6,4198043.7,37.927882,-122.30115,30,26,28
5,37,143,1343,561415.5,4198043.4,37.92788,-122.301174,31,29,25
5,38,154,1346,561418.8,4198042.5,37.927872,-122.301136,33,32,36
5,39,152,1346,561418.2,4198042.5,37.927872,-122.301143,24,28,28
5,40,153,1346,561418.5,4198042.5,37.927872,-122.30114,29,31,37
5,41,152,1347,561418.2,4198042.2,37.927869,-122.301143,23,34,36
5,42,151,1347,561417.9,4198042.2,37.927869,-122.301146,24,27,40
5,43,151,1352,561417.9,4198040.7,37.927855,-122.301147,29,29,46
5,44,151,1353,561417.9,4198040.4,37.927853,-122.301147,35,27,35
5,45,210,1358,561435.6,4198038.9,37.927838,-122.300945,36,43,61
5,46,215,1358,561437.1,4198038.9,37.927838,-122.300928,29,43,46
5,47,215,1359,561437.1,4198038.6,37.927835,-122.300928,29,36,56
5,48,210,1359,561435.6,4198038.6,37.927835,-122.300945,36,36,53
5,49,211,1364,561435.9,4198037.1,37.927822,-122.300942,40,46,69
5,50,216,1364,561437.4,4198037.1,37.927822,-122.300925,29,34,40
5,51,214,1365,561436.8,4198036.8,37.927819,-122.300932,34,35,44
5,52,211,1368,561435.9,4198035.9,37.927811,-122.300942,36,38,71
5,53,212,1368,561436.2,4198035.9,37.927811,-122.300939,36,40,49
5,54,219,1368,561438.3,4198035.9,37.927811,-122.300915,37,39,63
5,55,212,1369,561436.2,4198035.6,37.927808,-122.300939,41,37,40
5,56,214,1370,561436.8,4198035.3,37.927805,-122.300932,43,47,60
5,57,230,1398,561441.6,4198026.9,37.927729,-122.300878,57,45,96
5,58,230,1399,561441.6,4198026.6,37.927727,-122.300878,84,67,112
5,59,254,1413,561448.8,4198022.4,37.927688,-122.300797,36,41,54
5,60,257,1415,561449.7,4198021.8,37.927683,-122.300786,33,49,55
5,61,256,1415,561449.4,4198021.8,37.927683,-122.30079,31,45,75
5,62,260,1417,561450.6,4198021.2,37.927677,-122.300776,27,41,60
5,63,260,1418,561450.6,4198020.9,37.927675,-122.300776,25,40,63
5,64,263,1419,561451.5,4198020.6,37.927672,-122.300766,32,49,49
5,65,89,1433,561399.3,4198016.4,37.927638,-122.30136,60,54,54
5,66,96,1434,561401.4,4198016.1,37.927635,-122.301336,37,42,66
5,67,95,1434,561401.1,4198016.1,37.927635,-122.30134,41,45,57
5,68,97,1437,561401.7,4198015.2,37.927627,-122.301333,33,34,53
5,69,97,1438,561401.7,4198014.9,37.927624,-122.301333,33,34,55
5,70,93,1440,561400.5,4198014.3,37.927619,-122.301347,36,33,55
5,71,86,1441,561398.4,4198014,37.927616,-122.301371,72,64,75
5,72,99,1443,561402.3,4198013.4,37.92761,-122.301326,34,33,36
5,73,99,1444,561402.3,4198013.1,37.927608,-122.301326,34,34,42
5,74,92,1445,561400.2,4198012.8,37.927605,-122.30135,36,42,57
5,75,91,1445,561399.9,4198012.8,37.927605,-122.301354,37,36,51
5,76,104,1446,561403.8,4198012.5,37.927602,-122.301309,30,34,42
5,77,96,1447,561401.4,4198012.2,37.9276,-122.301337,35,37,38
5,78,94,1447,561400.8,4198012.2,37.9276,-122.301344,40,32,36
5,79,96,1448,561401.4,4198011.9,37.927597,-122.301337,33,33,48
5,80,100,1450,561402.6,4198011.3,37.927591,-122.301323,26,33,51
5,81,99,1450,561402.3,4198011.3,37.927591,-122.301327,30,33,46
5,82,99,1451,561402.3,4198011,37.927589,-122.301327,25,29,49
5,83,105,1452,561404.1,4198010.7,37.927586,-122.301306,32,25,43
5,84,92,1453,561400.2,4198010.4,37.927584,-122.301351,31,42,41
5,85,98,1453,561402,4198010.4,37.927583,-122.30133,31,25,30
5,86,104,1453,561403.8,4198010.4,37.927583,-122.30131,31,27,45
5,87,98,1454,561402,4198010.1,37.927581,-122.30133,27,32,44
5,88,91,1454,561399.9,4198010.1,37.927581,-122.301354,35,32,35
5,89,90,1455,561399.6,4198009.8,37.927578,-122.301357,27,36,43
5,90,87,1456,561398.7,4198009.5,37.927575,-122.301368,31,34,41
5,91,96,1458,561401.4,4198008.9,37.92757,-122.301337,32,28,41
5,92,85,1459,561398.1,4198008.6,37.927567,-122.301375,36,31,51
5,93,96,1459,561401.4,4198008.6,37.927567,-122.301337,33,27,43
5,94,85,1460,561398.1,4198008.3,37.927565,-122.301375,33,32,54
5,95,96,1460,561401.4,4198008.3,37.927565,-122.301337,35,28,37
5,96,93,1461,561400.5,4198008,37.927562,-122.301347,27,32,43
5,97,85,1461,561398.1,4198008,37.927562,-122.301375,36,35,54
5,98,94,1461,561400.8,4198008,37.927562,-122.301344,26,34,36
5,99,87,1463,561398.7,4198007.4,37.927557,-122.301368,33,34,41
5,0,87,1464,561398.7,4198007.1,37.927554,-122.301368,33,35,54
