Class,File X, File Y, Map X, Map Y, Lat, Lon, B1, B2, B3
1,716,38,561587.7,4198434.6,37.93139372,-122.2991809,183,134,129
1,722,44,561589.5,4198432.8,37.93137738,-122.2991606,192,144,128
1,688,48,561579.3,4198431.6,37.93136725,-122.2992768,224,218,201
1,677,79,561576,4198422.3,37.93128366,-122.2993151,110,124,137
1,815,108,561617.4,4198413.6,37.93120245,-122.2988448,108,109,120
1,791,111,561610.2,4198412.7,37.93119483,-122.2989268,137,142,149
1,716,111,561587.7,4198412.7,37.93119635,-122.2991828,114,118,134
1,812,121,561616.5,4198409.7,37.93116736,-122.2988554,87,59,112
1,1497,126,561822,4198408.2,37.93113989,-122.2965172,144,135,130
1,1511,130,561826.2,4198407,37.93112879,-122.2964695,133,116,122
1,635,142,561563.4,4198403.4,37.93111418,-122.2994601,112,116,117
1,734,144,561593.1,4198402.8,37.93110676,-122.2991222,96,99,105
1,811,176,561616.2,4198393.2,37.93101868,-122.2988602,190,188,191
1,770,177,561603.9,4198392.9,37.93101681,-122.2990002,107,113,122
1,861,189,561631.2,4198389.3,37.93098251,-122.2986898,188,173,159
1,1578,217,561846.3,4198380.9,37.9308922,-122.2962431,88,74,85
1,1594,239,561851.1,4198374.3,37.93083239,-122.296189,99,82,82
1,915,241,561647.4,4198373.7,37.93084082,-122.2985068,79,74,90
1,873,284,561634.8,4198360.8,37.93072542,-122.2986513,97,102,125
1,869,292,561633.6,4198358.4,37.93070387,-122.2986652,104,106,132
1,916,299,561647.7,4198356.3,37.93068399,-122.2985049,179,184,184
1,872,308,561634.5,4198353.6,37.93066055,-122.2986553,94,95,114
1,1596,369,561851.7,4198335.3,37.93048087,-122.2961856,211,203,196
1,910,373,561645.9,4198334.1,37.93048404,-122.2985273,211,207,199
1,1598,379,561852.3,4198332.3,37.93045379,-122.296179,217,207,200
1,938,408,561654.3,4198323.6,37.93038884,-122.2984326,121,115,100
1,556,573,561539.7,4198274.1,37.92995049,-122.2997408,153,162,164
1,745,618,561596.4,4198260.6,37.92982499,-122.2990968,246,232,230
1,732,620,561592.5,4198260,37.92981984,-122.2991412,249,237,234
1,577,628,561546,4198257.6,37.92980136,-122.2996705,144,158,190
1,576,636,561545.7,4198255.2,37.92977975,-122.2996742,224,230,222
1,505,653,561524.4,4198250.1,37.92973523,-122.2999169,222,216,211
1,513,654,561526.8,4198249.8,37.92973237,-122.2998897,223,215,212
1,686,662,561578.7,4198247.4,37.92970722,-122.2992993,192,193,190
1,631,662,561562.2,4198247.4,37.92970834,-122.2994871,129,118,125
1,675,705,561575.4,4198234.5,37.92959119,-122.299338,175,182,175
1,110,711,561405.9,4198232.7,37.92958643,-122.3012667,108,119,129
1,753,711,561598.8,4198232.7,37.92957338,-122.2990719,104,87,94
1,757,713,561600,4198232.1,37.92956789,-122.2990583,99,84,92
1,98,717,561402.3,4198230.9,37.92957045,-122.3013079,131,134,147
1,93,724,561400.8,4198228.8,37.92955163,-122.3013251,123,132,145
1,257,737,561450,4198224.9,37.92951316,-122.3007656,113,126,143
1,310,739,561465.9,4198224.3,37.92950667,-122.3005848,124,134,144
1,275,744,561455.4,4198222.8,37.92949387,-122.3007044,154,156,151
1,74,756,561395.1,4198219.2,37.9294655,-122.3013908,191,192,189
1,675,760,561575.4,4198218,37.92944248,-122.2993394,130,139,145
1,537,809,561534,4198203.3,37.92931281,-122.2998117,140,149,151
1,44,812,561386.1,4198202.4,37.9293147,-122.3014946,153,153,148
1,149,817,561417.6,4198200.9,37.92929905,-122.3011363,132,135,140
1,49,817,561387.6,4198200.9,37.92930108,-122.3014777,156,159,154
1,51,830,561388.2,4198197,37.92926589,-122.3014712,149,150,156
1,219,832,561438.6,4198196.4,37.92925708,-122.3008978,94,86,94
1,639,834,561564.6,4198195.8,37.92924314,-122.2994642,126,130,135
1,45,835,561386.4,4198195.5,37.92925249,-122.3014918,162,150,150
1,413,837,561496.8,4198194.9,37.92923962,-122.3002357,76,80,86
1,873,839,561634.8,4198194.3,37.92922487,-122.2986656,128,133,139
1,852,841,561628.5,4198193.7,37.92921989,-122.2987373,131,135,145
1,393,843,561490.8,4198193.1,37.9292238,-122.3003041,77,85,87
1,314,845,561467.1,4198192.5,37.92922,-122.3005738,79,69,86
1,243,852,561445.8,4198190.4,37.92920251,-122.3008164,128,124,136
1,675,857,561575.4,4198188.9,37.92918023,-122.2993419,167,174,181
1,406,857,561494.7,4198188.9,37.92918569,-122.3002601,115,128,140
1,733,899,561592.8,4198176.3,37.92906549,-122.299145,167,178,185
1,58,899,561390.3,4198176.3,37.92907919,-122.3014491,159,166,168
1,733,900,561592.8,4198176,37.92906279,-122.299145,171,175,187
1,786,903,561608.7,4198175.1,37.9290536,-122.2989642,110,118,136
1,45,908,561386.4,4198173.6,37.92905512,-122.3014937,160,166,158
1,59,928,561390.6,4198167.6,37.92900076,-122.3014464,162,170,176
1,60,928,561390.9,4198167.6,37.92900074,-122.301443,169,173,179
1,822,943,561619.5,4198163.1,37.92894472,-122.2988423,167,172,173
1,816,961,561617.7,4198157.7,37.92889617,-122.2988633,166,168,171
1,546,974,561536.7,4198153.8,37.92886651,-122.2997852,156,160,165
1,546,975,561536.7,4198153.5,37.92886381,-122.2997853,154,154,153
1,153,983,561418.8,4198151.1,37.92885015,-122.3011269,178,168,177
1,383,985,561487.8,4198150.5,37.92884008,-122.3003419,91,75,93
1,643,988,561565.8,4198149.6,37.92882669,-122.2994545,130,126,129
1,993,990,561670.8,4198149,37.92881416,-122.2982598,198,200,201
1,290,997,561459.9,4198146.9,37.92880952,-122.3006596,87,81,116
1,295,998,561461.4,4198146.6,37.92880672,-122.3006426,90,91,103
1,147,1000,561417,4198146,37.92880431,-122.3011478,192,184,190
1,720,1016,561588.9,4198141.2,37.92874942,-122.2991924,185,143,129
1,789,1030,561609.6,4198137,37.92871017,-122.2989572,159,167,163
1,594,1034,561551.1,4198135.8,37.92870332,-122.2996229,163,173,174
1,558,1034,561540.3,4198135.8,37.92870405,-122.2997458,164,166,171
1,1236,1039,561743.7,4198134.3,37.92867673,-122.2974316,78,83,98
1,1104,1040,561704.1,4198134,37.92867672,-122.2978822,214,205,193
1,1113,1042,561706.8,4198133.4,37.92867113,-122.2978516,210,203,193
1,635,1042,561563.4,4198133.4,37.92868085,-122.2994832,164,170,175
1,1106,1048,561704.7,4198131.6,37.92865505,-122.2978756,210,202,194
1,1092,1053,561700.5,4198130.1,37.92864182,-122.2979235,207,199,190
1,1139,1057,561714.6,4198128.9,37.92863004,-122.2977632,97,105,123
1,785,1059,561608.4,4198128.3,37.92863184,-122.2989716,166,169,168
1,220,1063,561438.9,4198127.1,37.9286325,-122.3009003,116,128,139
1,708,1075,561585.3,4198123.5,37.92859015,-122.2992348,164,164,166
1,744,1076,561596.1,4198123.2,37.92858671,-122.299112,166,171,170
1,1140,1078,561714.9,4198122.6,37.92857325,-122.2977603,99,106,113
1,751,1085,561598.2,4198120.5,37.92856224,-122.2990883,166,167,174
1,751,1087,561598.2,4198119.9,37.92855683,-122.2990884,169,172,178
1,1293,1087,561760.8,4198119.9,37.92854579,-122.2972383,76,72,102
1,1194,1091,561731.1,4198118.7,37.928537,-122.2975763,75,66,72
1,1201,1103,561733.2,4198115.1,37.92850441,-122.2975528,78,60,82
1,738,1114,561594.3,4198111.8,37.92848409,-122.2991334,165,170,172
1,194,1118,561431.1,4198110.6,37.92848432,-122.3009904,123,136,151
1,832,1124,561622.5,4198108.8,37.92845515,-122.2988128,127,141,141
1,371,1135,561484.2,4198105.5,37.92843477,-122.3003867,182,142,137
1,829,1135,561621.6,4198105.5,37.92842547,-122.2988234,149,165,165
1,848,1140,561627.3,4198104,37.92841156,-122.2987586,119,130,134
1,1338,1142,561774.3,4198103.4,37.92839617,-122.2970861,81,82,103
1,8,1144,561375.3,4198102.8,37.9284178,-122.301626,153,156,163
1,1244,1152,561746.1,4198100.4,37.92837105,-122.2974072,141,139,142
1,1245,1152,561746.4,4198100.4,37.92837103,-122.2974038,124,159,143
1,417,1161,561498,4198097.7,37.92836354,-122.3002303,136,125,121
1,1251,1162,561748.2,4198097.4,37.92834387,-122.2973836,137,138,139
1,282,1165,561457.5,4198096.5,37.92835547,-122.3006913,242,229,224
1,316,1168,561467.7,4198095.6,37.92834666,-122.3005753,244,230,227
1,738,1168,561594.3,4198095.6,37.92833809,-122.2991348,170,171,173
1,934,1170,561653.1,4198095,37.9283287,-122.2984659,128,123,133
1,68,1181,561393.3,4198091.7,37.92831654,-122.3014221,200,199,202
1,428,1181,561501.3,4198091.7,37.92830924,-122.3001933,135,127,119
1,946,1182,561656.7,4198091.4,37.92829601,-122.2984252,123,115,120
1,75,1185,561395.4,4198090.5,37.92830559,-122.3013983,210,208,207
1,895,1193,561641.4,4198088.1,37.92826731,-122.2985996,178,160,159
1,559,1194,561540.6,4198087.8,37.92827143,-122.2997465,117,121,138
1,1287,1199,561759,4198086.3,37.9282431,-122.2972617,123,143,153
1,145,1203,561416.4,4198085.1,37.9282555,-122.3011599,131,141,159
1,572,1205,561544.5,4198084.5,37.92824143,-122.2997024,206,201,198
1,627,1209,561561,4198083.3,37.9282295,-122.2995148,105,103,128
1,555,1210,561539.4,4198083,37.92822826,-122.2997606,202,202,197
1,1039,1211,561684.6,4198082.7,37.92821571,-122.2981085,126,138,150
1,499,1213,561522.6,4198082.1,37.92822128,-122.2999518,201,207,203
1,1050,1219,561687.9,4198080.3,37.92819386,-122.2980712,122,134,152
1,386,1229,561488.7,4198077.3,37.92818032,-122.3003379,159,169,173
1,252,1235,561448.5,4198075.5,37.92816681,-122.3007955,84,68,83
1,867,1239,561633,4198074.3,37.92814351,-122.2986963,185,162,168
1,28,1241,561381.3,4198073.7,37.92815513,-122.3015602,111,87,91
1,877,1248,561636,4198071.6,37.92811897,-122.2986624,187,169,158
1,21,1252,561379.2,4198070.4,37.92812553,-122.3015844,140,124,118
1,401,1252,561493.2,4198070.4,37.92811783,-122.3002873,151,162,162
1,895,1262,561641.4,4198067.4,37.92808075,-122.2986013,196,173,171
1,267,1262,561453,4198067.4,37.92809351,-122.3007449,102,93,104
1,1052,1262,561688.5,4198067.4,37.92807756,-122.2980654,130,141,163
1,356,1276,561479.7,4198063.2,37.92805385,-122.3004415,152,164,171
1,1356,1280,561779.7,4198062,37.9280227,-122.2970282,151,157,155
1,995,1281,561671.4,4198061.7,37.92802735,-122.2982605,119,119,117
1,1058,1284,561690.3,4198060.8,37.92801795,-122.2980455,124,130,150
1,1067,1285,561693,4198060.5,37.92801507,-122.2980148,121,134,142
1,702,1292,561583.5,4198058.4,37.92800357,-122.2992609,156,165,174
1,677,1292,561576,4198058.4,37.92800407,-122.2993462,177,179,187
1,865,1292,561632.4,4198058.4,37.92800025,-122.2987045,159,145,167
1,867,1303,561633,4198055.1,37.92797047,-122.298698,203,201,199
1,1017,1304,561678,4198054.8,37.92796471,-122.298186,110,106,107
1,1080,1308,561696.9,4198053.6,37.92795262,-122.2979711,123,131,143
1,690,1309,561579.9,4198053.3,37.92795785,-122.2993023,177,178,180
1,1036,1320,561683.7,4198050,37.92792107,-122.2981215,128,123,116
1,1015,1338,561677.4,4198044.6,37.92787283,-122.2981937,121,166,192
1,393,1353,561490.8,4198040.1,37.92784492,-122.3003172,120,133,169
1,1440,1357,561804.9,4198038.9,37.9278128,-122.2967435,114,119,133
1,377,1358,561486,4198038.6,37.92783172,-122.3003719,108,119,166
1,1438,1360,561804.3,4198038,37.92780473,-122.2967504,114,122,136
1,765,1374,561602.4,4198033.8,37.92778058,-122.299048,208,201,191
1,799,1384,561612.6,4198030.8,37.92775285,-122.2989322,199,203,193
1,773,1410,561604.8,4198023,37.92768309,-122.2990216,193,198,192
1,866,1424,561632.7,4198018.8,37.92764334,-122.2987045,227,223,223
1,293,1427,561460.8,4198017.9,37.92764687,-122.3006604,174,172,171
1,907,1433,561645,4198016.1,37.92761818,-122.2985648,210,217,217
1,204,1449,561434.1,4198011.3,37.9275892,-122.3009648,107,126,138
1,212,1451,561436.5,4198010.7,37.92758363,-122.3009375,112,124,150
1,1159,1463,561720.6,4198007.1,37.92753193,-122.2977054,153,160,156
1,1519,1467,561828.6,4198005.9,37.92751378,-122.2964767,246,235,235
1,220,1469,561438.9,4198005.3,37.9275348,-122.3009107,108,118,139
1,1342,1473,561775.5,4198004.1,37.92750117,-122.297081,160,175,182
1,925,1477,561650.4,4198002.9,37.92749885,-122.2985045,232,228,229
1,1521,1486,561829.2,4198000.2,37.92746237,-122.2964703,245,233,231
1,946,1487,561656.7,4197999.9,37.92747138,-122.298433,215,217,215
1,598,1488,561552.3,4197999.6,37.92747575,-122.2996209,173,173,172
1,1525,1488,561830.4,4197999.6,37.92745688,-122.2964567,244,233,231
1,824,1492,561620.1,4197998.4,37.92746035,-122.2988496,130,139,160
1,856,1502,561629.7,4197995.4,37.92743266,-122.2987406,136,148,160
1,844,1516,561626.1,4197991.2,37.92739505,-122.2987819,127,146,154
1,820,1520,561618.9,4197990,37.92738472,-122.298864,137,142,160
1,801,1524,561613.2,4197988.8,37.9273743,-122.2989289,142,153,166
1,993,1526,561670.8,4197988.2,37.92736498,-122.2982736,226,226,230
1,995,1526,561671.4,4197988.2,37.92736494,-122.2982668,224,225,228
1,991,1529,561670.2,4197987.3,37.92735691,-122.2982805,223,225,228
1,795,1542,561611.4,4197983.4,37.92732575,-122.2989499,153,167,177
1,1094,1587,561701.1,4197969.9,37.927198,-122.2979304,153,169,175
1,694,1595,561581.1,4197967.5,37.92718451,-122.299296,166,162,166
1,942,1599,561655.5,4197966.3,37.92716865,-122.2984496,220,222,223
1,1411,1606,561796.2,4197964.2,37.92714017,-122.2968489,195,199,200
1,899,1608,561642.6,4197963.6,37.92714519,-122.2985966,239,233,234
1,704,1608,561584.1,4197963.6,37.92714916,-122.2992622,155,168,160
1,814,1610,561617.1,4197963,37.92714151,-122.2988868,188,196,204
1,1598,1614,561852.3,4197961.8,37.92711472,-122.2962108,178,186,193
1,1600,1614,561852.9,4197961.8,37.92711468,-122.296204,172,178,192
1,925,1618,561650.4,4197960.6,37.92711763,-122.2985081,236,232,232
1,730,1638,561591.9,4197954.6,37.92706752,-122.2991742,199,198,196
1,886,1638,561638.7,4197954.6,37.92706434,-122.2986417,255,247,245
1,741,1648,561595.2,4197951.6,37.92704026,-122.2991369,221,195,194
1,1007,1652,561675,4197950.4,37.92702403,-122.2982291,228,214,205
1,1009,1652,561675.6,4197950.4,37.92702399,-122.2982222,228,214,206
2,293,46,561460.8,4198432.2,37.93138068,-122.3006251,32,45,39
2,335,54,561473.4,4198429.8,37.9313582,-122.3004819,46,69,48
2,337,54,561474,4198429.8,37.93135816,-122.3004751,41,68,50
2,293,59,561460.8,4198428.3,37.93134553,-122.3006254,43,72,52
2,372,67,561484.5,4198425.9,37.9313223,-122.3003559,29,47,47
2,1365,97,561782.4,4198416.9,37.93122099,-122.2969671,45,43,48
2,1279,101,561756.6,4198415.7,37.93121193,-122.2972607,59,76,54
2,1252,129,561748.5,4198407.3,37.93113677,-122.2973536,54,50,64
2,1326,137,561770.7,4198404.9,37.93111364,-122.2971012,26,44,43
2,1369,149,561783.6,4198401.3,37.93108031,-122.2969547,23,31,34
2,524,151,561530.1,4198400.7,37.93109211,-122.2998392,79,93,76
2,529,156,561531.6,4198399.2,37.93107848,-122.2998223,73,88,88
2,48,175,561387.3,4198393.5,37.93103687,-122.3014647,31,56,74
2,49,176,561387.6,4198393.2,37.93103415,-122.3014613,33,45,69
2,19,178,561378.6,4198392.6,37.93102935,-122.3015637,55,76,75
2,1348,182,561777.3,4198391.4,37.93099152,-122.2970273,32,34,35
2,963,183,561661.8,4198391.1,37.93099666,-122.2983415,29,35,26
2,49,193,561387.6,4198388.1,37.93098819,-122.3014617,47,57,76
2,969,196,561663.6,4198387.2,37.93096139,-122.2983214,25,32,35
2,1346,197,561776.7,4198386.9,37.93095101,-122.2970345,17,24,26
2,94,205,561401.1,4198384.5,37.93095483,-122.3013084,35,42,60
2,1387,206,561789,4198384.2,37.93092584,-122.2968948,44,62,64
2,1283,211,561757.8,4198382.7,37.93091444,-122.2972499,27,33,34
2,125,225,561410.4,4198378.5,37.93090013,-122.3012031,36,55,52
2,590,228,561549.9,4198377.6,37.93088258,-122.2996159,63,76,80
2,988,235,561669.3,4198375.5,37.93085556,-122.2982575,24,34,25
2,1377,252,561786,4198370.4,37.93080167,-122.2969301,17,25,34
2,1344,256,561776.1,4198369.2,37.93079153,-122.2970428,54,63,50
2,1360,288,561780.9,4198359.6,37.93070468,-122.2969891,22,25,30
2,1377,306,561786,4198354.2,37.93065567,-122.2969315,56,70,57
2,1000,307,561672.9,4198353.9,37.93066065,-122.2982184,48,69,60
2,682,314,561577.5,4198351.8,37.93064819,-122.2993041,59,73,76
2,685,317,561578.4,4198350.9,37.93064002,-122.2992939,55,64,70
2,1358,321,561780.3,4198349.7,37.9306155,-122.2969967,25,26,34
2,1332,336,561772.5,4198345.2,37.93057548,-122.2970859,30,40,32
2,407,345,561495,4198342.5,37.93056996,-122.3002436,68,88,97
2,499,361,561522.6,4198337.7,37.93052484,-122.2999299,57,75,59
2,1026,364,561680.7,4198336.8,37.93050601,-122.2981311,56,73,61
2,741,365,561595.2,4198336.5,37.9305091,-122.299104,48,44,55
2,741,366,561595.2,4198336.2,37.9305064,-122.299104,42,48,53
2,392,366,561490.5,4198336.2,37.93051349,-122.3002953,65,68,73
2,422,368,561499.5,4198335.6,37.93050747,-122.300193,64,70,76
2,500,377,561522.9,4198332.9,37.93048156,-122.2999269,54,50,58
2,766,379,561602.7,4198332.3,37.93047074,-122.299019,43,57,50
2,411,382,561496.2,4198331.4,37.93046984,-122.3002309,106,109,104
2,378,387,561486.3,4198329.9,37.930457,-122.3003436,69,83,73
2,738,389,561594.3,4198329.3,37.93044428,-122.2991148,56,56,69
2,480,390,561516.9,4198329,37.93044681,-122.2999955,62,65,63
2,495,396,561521.4,4198327.2,37.93043029,-122.2999445,64,77,66
2,547,445,561537,4198312.5,37.93029675,-122.2997682,83,90,95
2,1063,456,561691.8,4198309.2,37.93025652,-122.2980072,25,19,47
2,671,498,561574.2,4198296.6,37.93015093,-122.2993463,30,46,49
2,696,520,561581.7,4198290,37.93009095,-122.2992616,67,87,73
2,673,523,561574.8,4198289.1,37.9300833,-122.2993402,55,72,57
2,692,530,561580.5,4198287,37.93006399,-122.2992755,67,89,79
2,691,530,561580.2,4198287,37.93006401,-122.2992789,67,89,65
2,674,532,561575.1,4198286.4,37.93005895,-122.299337,59,72,79
2,675,532,561575.4,4198286.4,37.93005893,-122.2993336,58,63,68
2,732,533,561592.5,4198286.1,37.93005507,-122.299139,58,69,61
2,732,534,561592.5,4198285.8,37.93005236,-122.299139,58,75,59
2,719,537,561588.6,4198284.9,37.93004451,-122.2991835,52,73,71
2,718,537,561588.3,4198284.9,37.93004453,-122.2991869,51,69,71
2,668,540,561573.3,4198284,37.93003744,-122.2993577,81,108,80
2,730,550,561591.9,4198281,37.93000914,-122.2991463,70,75,62
2,1100,606,561702.9,4198264.2,37.92985021,-122.2978847,59,75,91
2,1137,622,561714,4198259.4,37.92980619,-122.2977588,43,42,62
2,1129,624,561711.6,4198258.8,37.92980095,-122.2977862,41,52,63
2,1141,627,561715.2,4198257.9,37.92979259,-122.2977453,65,78,72
2,1153,655,561718.8,4198249.5,37.92971665,-122.2977051,78,104,90
2,1153,657,561718.8,4198248.9,37.92971124,-122.2977051,77,93,86
2,841,661,561625.2,4198247.7,37.92970677,-122.2987702,64,83,71
2,840,661,561624.9,4198247.7,37.9297068,-122.2987736,56,75,71
2,838,663,561624.3,4198247.1,37.92970143,-122.2987805,37,44,58
2,1156,663,561719.7,4198247.1,37.92969496,-122.297695,73,85,83
2,848,664,561627.3,4198246.8,37.92969852,-122.2987464,48,50,73
2,1565,665,561842.4,4198246.5,37.92968121,-122.296299,44,42,59
2,854,674,561629.1,4198243.8,37.92967136,-122.2987262,57,73,66
2,1539,684,561834.6,4198240.8,37.92963037,-122.2963882,81,90,82
2,854,687,561629.1,4198239.9,37.92963621,-122.2987265,44,57,71
2,1194,700,561731.1,4198236,37.92959414,-122.2975663,61,72,66
2,890,701,561639.9,4198235.7,37.92959763,-122.298604,60,77,65
2,837,715,561624,4198231.5,37.92956086,-122.2987853,39,51,53
2,883,718,561637.8,4198230.6,37.92955181,-122.2986283,62,73,60
2,862,725,561631.5,4198228.5,37.92953331,-122.2987002,52,66,60
2,852,729,561628.5,4198227.3,37.9295227,-122.2987344,53,56,62
2,862,748,561631.5,4198221.6,37.92947113,-122.2987008,57,69,69
2,888,756,561639.3,4198219.2,37.92944897,-122.2986122,65,83,78
2,869,779,561633.6,4198212.3,37.92938717,-122.2986777,57,64,75
2,712,822,561586.5,4198199.4,37.9292741,-122.2992147,90,100,97
2,758,864,561600.3,4198186.8,37.92915961,-122.2990588,76,102,79
2,1464,907,561812.1,4198173.9,37.92902897,-122.29665,70,76,63
2,1534,1008,561833.1,4198143.6,37.92875447,-122.2964137,50,60,61
2,1521,1012,561829.2,4198142.4,37.92874392,-122.2964581,60,78,63
2,1522,1012,561829.5,4198142.4,37.9287439,-122.2964547,56,74,61
2,1305,1044,561764.4,4198132.8,37.92866181,-122.2971963,41,54,58
2,1305,1054,561764.4,4198129.8,37.92863477,-122.2971965,35,36,53
2,141,1063,561415.2,4198127.1,37.9286341,-122.3011699,45,64,49
2,1559,1064,561840.6,4198126.8,37.92860255,-122.2963298,51,51,58
2,359,1079,561480.6,4198122.3,37.92858642,-122.3004262,54,81,68
2,1326,1081,561770.7,4198121.7,37.92856134,-122.2971255,48,56,64
2,327,1088,561471,4198119.6,37.92856274,-122.3005357,38,57,54
2,301,1097,561463.2,4198116.9,37.92853893,-122.3006247,41,52,47
2,1355,1103,561779.4,4198115.1,37.92850127,-122.2970271,37,47,56
2,279,1108,561456.6,4198113.6,37.92850964,-122.3007,53,78,56
2,275,1118,561455.4,4198110.6,37.92848268,-122.3007139,38,52,42
2,63,1119,561391.8,4198110.3,37.92848428,-122.3014376,72,95,78
2,62,1121,561391.5,4198109.7,37.92847889,-122.3014411,82,131,88
2,1370,1124,561783.9,4198108.8,37.92844419,-122.2969764,56,64,72
2,53,1129,561388.8,4198107.3,37.92845744,-122.301472,76,118,90
2,248,1135,561447.3,4198105.5,37.92843727,-122.3008065,56,64,61
2,50,1135,561387.9,4198105.5,37.92844128,-122.3014824,46,66,66
2,46,1148,561386.7,4198101.6,37.92840621,-122.3014964,55,76,70
2,1395,1149,561791.4,4198101.3,37.92837609,-122.2968917,43,59,61
2,1202,1164,561733.5,4198096.8,37.92833946,-122.2975509,54,86,72
2,1417,1173,561798,4198094.1,37.92831075,-122.2968173,43,52,65
2,1628,1187,561861.3,4198089.9,37.92826859,-122.2960974,60,88,71
2,218,1195,561438.3,4198087.5,37.92827565,-122.3009105,36,44,45
2,1442,1207,561805.5,4198083.9,37.92821831,-122.2967328,53,78,61
2,1441,1207,561805.2,4198083.9,37.92821833,-122.2967362,60,92,62
2,1460,1221,561810.9,4198079.7,37.92818009,-122.2966717,45,49,51
2,1497,1250,561822,4198071,37.92810093,-122.2965462,39,42,53
2,216,1272,561437.7,4198064.4,37.92806751,-122.3009193,41,73,62
2,1505,1273,561824.4,4198064.1,37.92803858,-122.2965195,36,43,40
2,1504,1273,561824.1,4198064.1,37.9280386,-122.2965229,38,42,39
2,131,1286,561412.2,4198060.2,37.92803138,-122.3012098,53,80,62
2,230,1288,561441.9,4198059.6,37.92802396,-122.3008719,35,57,54
2,1528,1294,561831.3,4198057.8,37.92798134,-122.2964415,29,30,46
2,1527,1294,561831,4198057.8,37.92798136,-122.2964449,29,34,53
2,1526,1294,561830.7,4198057.8,37.92798138,-122.2964483,35,46,60
2,131,1301,561412.2,4198055.7,37.92799082,-122.3012102,46,66,64
2,1449,1311,561807.6,4198052.7,37.92793699,-122.2967116,56,85,61
2,229,1318,561441.6,4198050.6,37.92794287,-122.3008761,44,58,49
2,228,1323,561441.3,4198049.1,37.92792938,-122.3008796,42,52,50
2,96,1351,561401.7,4198040.7,37.92785635,-122.3013309,66,60,80
2,96,1353,561401.7,4198040.1,37.92785094,-122.301331,67,72,75
2,62,1360,561391.5,4198038,37.9278327,-122.3014472,44,49,33
2,1572,1362,561844.5,4198037.4,37.92779659,-122.2962931,75,81,86
2,1573,1362,561844.8,4198037.4,37.92779657,-122.2962897,75,91,80
2,1581,1370,561847.2,4198035,37.92777477,-122.2962626,44,64,69
2,70,1374,561393.9,4198033.8,37.92779469,-122.3014202,33,31,26
2,1473,1381,561814.8,4198031.7,37.92774724,-122.2966315,40,49,54
2,1498,1384,561822.3,4198030.8,37.92773862,-122.2965462,65,87,65
2,1306,1390,561764.7,4198029,37.92772631,-122.2972017,51,68,59
2,1320,1390,561768.9,4198029,37.92772602,-122.297154,56,80,65
2,1319,1390,561768.6,4198029,37.92772604,-122.2971574,33,47,54
2,1347,1394,561777,4198027.8,37.92771466,-122.2970619,64,78,64
2,1346,1394,561776.7,4198027.8,37.92771468,-122.2970653,55,75,67
2,68,1394,561393.3,4198027.8,37.92774066,-122.3014276,40,52,56
2,70,1403,561393.9,4198025.1,37.92771628,-122.301421,66,87,72
2,70,1405,561393.9,4198024.5,37.92771087,-122.301421,59,61,63
2,1356,1407,561779.7,4198023.9,37.92767933,-122.2970315,73,103,70
2,336,1409,561473.7,4198023.3,37.92769467,-122.3005132,51,59,44
2,1603,1412,561853.8,4198022.4,37.92766077,-122.2961885,58,72,75
2,1609,1419,561855.6,4198020.3,37.92764172,-122.2961682,52,84,77
2,327,1424,561471,4198018.8,37.92765429,-122.3005443,51,67,62
2,357,1437,561480,4198014.9,37.92761854,-122.3004422,48,67,69
2,372,1437,561484.5,4198014.9,37.92761823,-122.300391,65,75,50
2,965,1438,561662.4,4198014.6,37.92760348,-122.2983669,60,72,57
2,724,1439,561590.1,4198014.3,37.92760568,-122.2991896,50,45,44
2,726,1443,561590.7,4198013.1,37.92759482,-122.2991828,59,73,49
2,732,1447,561592.5,4198011.9,37.92758388,-122.2991625,51,67,57
2,734,1447,561593.1,4198011.9,37.92758384,-122.2991556,61,76,66
2,733,1447,561592.8,4198011.9,37.92758386,-122.2991591,58,72,46
2,730,1449,561591.9,4198011.3,37.92757852,-122.2991694,62,81,56
2,724,1450,561590.1,4198011,37.92757593,-122.2991899,45,53,56
2,488,1460,561519.3,4198008,37.92755369,-122.2999957,48,53,41
2,1656,1462,561869.7,4198007.4,37.9275245,-122.2960089,45,57,51
2,658,1466,561570.3,4198006.2,37.92753402,-122.2994155,34,34,39
2,134,1482,561413.1,4198001.4,37.92750139,-122.3012046,64,77,60
2,105,1494,561404.4,4197997.8,37.92746954,-122.3013038,51,63,77
2,658,1504,561570.3,4197994.8,37.92743128,-122.2994165,42,53,43
2,658,1505,561570.3,4197994.5,37.92742857,-122.2994165,42,60,49
2,659,1505,561570.6,4197994.5,37.92742855,-122.2994131,37,43,53
2,687,1509,561579,4197993.3,37.92741717,-122.2993177,33,30,37
2,133,1514,561412.8,4197991.8,37.92741489,-122.3012088,59,73,68
2,1378,1520,561786.3,4197990,37.92737336,-122.2969593,99,104,83
2,1378,1521,561786.3,4197989.7,37.92737066,-122.2969594,105,114,87
2,125,1524,561410.4,4197988.8,37.92738802,-122.3012363,48,64,67
2,516,1525,561527.7,4197988.5,37.92737738,-122.2999018,27,30,43
2,195,1526,561431.4,4197988.2,37.92738119,-122.3009975,30,35,36
2,664,1533,561572.1,4197986.1,37.92735275,-122.2993968,40,41,53
2,665,1533,561572.4,4197986.1,37.92735273,-122.2993934,38,58,52
2,666,1533,561572.7,4197986.1,37.92735271,-122.29939,33,59,64
2,461,1539,561511.2,4197984.3,37.92734065,-122.3000898,22,25,34
2,1328,1542,561771.3,4197983.4,37.9273149,-122.2971306,58,52,75
2,183,1544,561427.8,4197982.8,37.92733277,-122.3010389,49,66,54
2,185,1546,561428.4,4197982.2,37.92732732,-122.3010321,41,56,60
2,1349,1546,561777.6,4197982.2,37.92730366,-122.297059,78,78,76
2,183,1546,561427.8,4197982.2,37.92732736,-122.3010389,45,51,55
2,1359,1548,561780.6,4197981.6,37.92729804,-122.2970249,92,92,97
2,183,1551,561427.8,4197980.7,37.92731384,-122.3010391,34,51,55
2,442,1557,561505.5,4197978.9,37.92729237,-122.3001552,44,73,54
2,1335,1573,561773.4,4197974.1,37.92723094,-122.2971075,114,95,105
2,1347,1573,561777,4197974.1,37.9272307,-122.2970665,94,104,87
2,513,1579,561526.8,4197972.3,37.92723144,-122.2999134,22,31,47
2,510,1589,561525.9,4197969.3,37.92720447,-122.2999239,32,55,46
2,510,1590,561525.9,4197969,37.92720176,-122.2999239,31,54,50
2,448,1652,561507.3,4197950.4,37.92703539,-122.3001371,46,72,72
2,462,1656,561511.5,4197949.2,37.92702429,-122.3000894,31,69,64
2,462,1657,561511.5,4197948.9,37.92702159,-122.3000895,34,88,57
3,686,42,561578.7,4198433.4,37.93138352,-122.2992834,65,90,76
3,627,42,561561,4198433.4,37.93138472,-122.2994848,63,85,65
3,100,52,561402.9,4198430.4,37.93136837,-122.301284,58,109,82
3,98,52,561402.3,4198430.4,37.93136841,-122.3012908,63,104,84
3,1030,54,561681.9,4198429.8,37.93134407,-122.2981095,56,107,81
3,738,57,561594.3,4198428.9,37.9313419,-122.2991063,58,102,88
3,51,69,561388.2,4198425.3,37.9313234,-122.3014517,63,110,86
3,724,73,561590.1,4198424.1,37.93129893,-122.2991545,67,95,86
3,1044,94,561686.1,4198417.8,37.93123564,-122.2980627,46,106,65
3,1058,95,561690.3,4198417.5,37.93123265,-122.298015,47,99,78
3,198,111,561432.3,4198412.7,37.93120687,-122.300951,56,116,90
3,129,115,561411.6,4198411.5,37.93119745,-122.3011866,52,113,79
3,287,115,561459,4198411.5,37.93119425,-122.3006473,60,119,80
3,1064,117,561692.1,4198410.9,37.93117305,-122.297995,51,106,72
3,1082,125,561697.5,4198408.5,37.93115105,-122.2979338,48,103,79
3,224,126,561440.1,4198408.2,37.93116579,-122.3008626,62,112,94
3,317,128,561468,4198407.6,37.93115849,-122.3005452,65,113,83
3,1041,128,561685.2,4198407.6,37.93114378,-122.2980738,55,101,70
3,248,129,561447.3,4198407.3,37.93115719,-122.3007808,63,122,95
3,675,131,561575.4,4198406.7,37.93114311,-122.2993233,56,86,39
3,1076,131,561695.7,4198406.7,37.93113495,-122.2979544,53,100,70
3,202,132,561433.5,4198406.4,37.93115001,-122.3009379,68,118,89
3,328,134,561471.3,4198405.8,37.93114205,-122.3005078,68,120,84
3,249,140,561447.6,4198404,37.93112743,-122.3007777,59,108,88
3,323,141,561469.8,4198403.7,37.93112322,-122.3005251,63,113,81
3,183,148,561427.8,4198401.6,37.93110714,-122.3010031,66,126,96
3,1088,150,561699.3,4198401,37.93108334,-122.297914,53,103,75
3,1091,150,561700.2,4198401,37.93108328,-122.2979037,46,100,83
3,257,158,561450,4198398.6,37.9310786,-122.3007508,62,112,96
3,285,159,561458.4,4198398.3,37.93107533,-122.3006553,80,125,95
3,786,162,561608.7,4198397.4,37.93105704,-122.2989452,62,106,84
3,176,167,561425.7,4198395.9,37.93105591,-122.3010275,65,122,91
3,176,168,561425.7,4198395.6,37.9310532,-122.3010276,65,123,92
3,289,178,561459.6,4198392.6,37.93102388,-122.3006421,64,126,96
3,1090,178,561699.9,4198392.6,37.93100759,-122.2979079,52,99,72
3,1092,178,561700.5,4198392.6,37.93100755,-122.297901,49,97,83
3,318,184,561468.3,4198390.8,37.93100706,-122.3005432,57,109,87
3,289,186,561459.6,4198390.2,37.93100225,-122.3006423,59,114,89
3,1031,189,561682.2,4198389.3,37.93097905,-122.2981095,62,91,63
3,172,190,561424.5,4198389,37.9309938,-122.3010418,57,118,84
3,1047,197,561687,4198386.9,37.9309571,-122.2980551,53,102,75
3,815,205,561617.4,4198384.5,37.93094019,-122.2988473,81,96,89
3,766,210,561602.7,4198383,37.93092767,-122.2990147,56,93,62
3,1076,220,561695.7,4198380,37.93089432,-122.2979567,61,117,79
3,1115,239,561707.4,4198374.3,37.93084216,-122.2978241,50,107,77
3,1096,252,561701.7,4198370.4,37.9308074,-122.2978893,55,100,73
3,1094,252,561701.1,4198370.4,37.93080744,-122.2978961,57,111,75
3,1096,258,561701.7,4198368.6,37.93079118,-122.2978894,51,99,77
3,1092,260,561700.5,4198368,37.93078585,-122.2979031,50,98,66
3,1103,265,561703.8,4198366.5,37.93077211,-122.2978657,58,119,78
3,889,266,561639.6,4198366.2,37.93077376,-122.2985962,66,91,88
3,1125,270,561710.4,4198365,37.93075814,-122.2977908,53,104,77
3,1126,270,561710.7,4198365,37.93075812,-122.2977873,57,110,81
3,1123,270,561709.8,4198365,37.93075818,-122.2977976,52,92,74
3,1076,288,561695.7,4198359.6,37.93071047,-122.2979585,54,115,77
3,1136,321,561713.7,4198349.7,37.93062003,-122.2977545,63,118,72
3,1548,323,561837.3,4198349.1,37.93060622,-122.2963482,95,114,82
3,41,327,561385.2,4198347.9,37.93062605,-122.3014924,74,128,78
3,1110,329,561705.9,4198347.3,37.93059893,-122.2978435,57,111,67
3,1132,336,561712.5,4198345.2,37.93057955,-122.2977686,71,127,80
3,1132,338,561712.5,4198344.6,37.93057415,-122.2977686,57,113,75
3,923,342,561649.8,4198343.4,37.93056759,-122.2984821,68,121,89
3,1556,342,561839.7,4198343.4,37.93055469,-122.2963214,97,115,90
3,1152,358,561718.5,4198338.6,37.93051966,-122.2977009,55,108,75
3,934,360,561653.1,4198338,37.9305187,-122.298445,55,105,88
3,113,384,561406.8,4198330.8,37.93047048,-122.3012481,66,115,88
3,59,385,561390.6,4198330.5,37.93046887,-122.3014325,64,123,89
3,151,386,561418.2,4198330.2,37.9304643,-122.3011185,76,118,86
3,58,387,561390.3,4198329.9,37.93046349,-122.301436,54,114,81
3,1536,393,561833.7,4198328.1,37.9304172,-122.296391,90,125,74
3,125,394,561410.4,4198327.8,37.9304432,-122.3012074,80,125,89
3,66,396,561392.7,4198327.2,37.93043899,-122.3014089,71,124,84
3,1212,405,561736.5,4198324.5,37.93039137,-122.2974973,57,110,73
3,1184,407,561728.1,4198323.9,37.93038653,-122.2975929,55,101,69
3,22,417,561379.5,4198320.9,37.9303831,-122.3015596,58,119,97
3,100,418,561402.9,4198320.6,37.93037882,-122.3012934,58,109,78
3,891,421,561640.2,4198319.7,37.93035465,-122.2985934,60,106,61
3,169,429,561423.6,4198317.3,37.93034768,-122.3010581,54,94,82
3,1199,430,561732.6,4198317,37.93032404,-122.2975423,53,115,75
3,54,430,561389.1,4198317,37.93034731,-122.3014507,65,123,91
3,145,437,561416.4,4198314.9,37.93032654,-122.3011403,98,126,91
3,1486,439,561818.7,4198314.3,37.93029386,-122.2965628,96,142,83
3,1488,449,561819.3,4198311.3,37.93026678,-122.2965563,96,149,92
3,85,449,561398.4,4198311.3,37.93029531,-122.3013454,69,126,85
3,1535,449,561833.4,4198311.3,37.93026582,-122.2963958,105,133,89
3,1514,452,561827.1,4198310.4,37.93025814,-122.2964676,91,123,76
3,1522,461,561829.5,4198307.7,37.93023364,-122.2964405,89,118,77
3,1521,461,561829.2,4198307.7,37.93023366,-122.2964439,84,91,78
3,70,465,561393.9,4198306.5,37.93025235,-122.301397,74,122,95
3,239,474,561444.6,4198303.8,37.93022459,-122.3008203,59,114,86
3,141,475,561415.2,4198303.5,37.93022388,-122.3011549,95,119,91
3,1222,480,561739.5,4198302,37.93018839,-122.2974651,50,95,79
3,239,492,561444.6,4198298.4,37.93017593,-122.3008208,60,113,79
3,279,498,561456.6,4198296.6,37.93015889,-122.3006844,72,116,89
3,307,524,561465,4198288.8,37.93008803,-122.3005895,80,120,89
3,1371,529,561784.2,4198287.3,37.93005287,-122.2969577,62,120,82
3,1377,533,561786,4198286.1,37.93004193,-122.2969373,67,120,88
3,247,546,561447,4198282.2,37.93002977,-122.3007949,51,111,97
3,247,548,561447,4198281.6,37.93002436,-122.3007949,56,112,83
3,1382,554,561787.5,4198279.8,37.92998505,-122.2969208,69,134,84
3,1393,556,561790.8,4198279.2,37.92997942,-122.2968833,72,119,91
3,1392,556,561790.5,4198279.2,37.92997944,-122.2968867,74,127,94
3,238,560,561444.3,4198278,37.9299921,-122.300826,55,107,85
3,345,588,561476.4,4198269.6,37.92991422,-122.3004614,58,109,85
3,344,588,561476.1,4198269.6,37.92991424,-122.3004648,57,109,80
3,928,589,561651.3,4198269.3,37.92989967,-122.2984714,52,111,76
3,925,589,561650.4,4198269.3,37.92989973,-122.2984817,65,111,86
3,340,593,561474.9,4198268.1,37.92990081,-122.3004786,67,117,89
3,936,613,561653.7,4198262.1,37.92983462,-122.2984447,68,131,89
3,1340,618,561774.9,4198260.6,37.92981287,-122.2970658,74,124,95
3,1340,619,561774.9,4198260.3,37.92981017,-122.2970658,78,127,88
3,30,625,561381.9,4198258.5,37.92982057,-122.3015376,60,107,99
3,29,625,561381.6,4198258.5,37.92982059,-122.301541,63,112,94
3,1281,633,561757.2,4198256.1,37.92977352,-122.2972676,53,114,84
3,14,638,561377.1,4198254.6,37.92978575,-122.3015926,84,117,105
3,15,638,561377.4,4198254.6,37.92978573,-122.3015892,86,116,95
3,1320,643,561768.9,4198253.1,37.92974569,-122.2971347,51,104,80
3,322,660,561469.5,4198248,37.92972002,-122.3005418,51,86,76
3,320,662,561468.9,4198247.4,37.92971466,-122.3005487,47,83,74
3,1091,677,561700.2,4198242.9,37.92965843,-122.2979173,57,112,79
3,1045,689,561686.4,4198239.3,37.92962692,-122.2980746,60,107,86
3,1047,691,561687,4198238.7,37.92962147,-122.2980678,60,111,88
3,1094,707,561701.1,4198233.9,37.92957726,-122.2979078,55,99,74
3,1077,716,561696,4198231.2,37.92955327,-122.2979661,61,115,80
3,1066,736,561692.7,4198225.2,37.92949942,-122.2980041,54,103,87
3,1110,750,561705.9,4198221,37.92946067,-122.2978543,71,118,85
3,1043,752,561685.8,4198220.4,37.92945663,-122.2980831,58,101,65
3,1135,760,561713.4,4198218,37.92943312,-122.2977692,59,114,78
3,234,773,561443.1,4198214.1,37.92941629,-122.3008451,127,141,104
3,1155,776,561719.4,4198213.2,37.92938946,-122.2977014,53,111,93
3,1220,809,561738.9,4198203.3,37.92929891,-122.2974803,52,112,77
3,1259,817,561750.6,4198200.9,37.92927649,-122.2973474,59,104,93
3,1499,827,561822.6,4198197.9,37.92924456,-122.2965285,58,112,92
3,1515,847,561827.4,4198191.9,37.92919015,-122.2964744,51,109,78
3,1277,853,561756,4198190.1,37.92917879,-122.2972869,60,107,92
3,1235,857,561743.4,4198188.9,37.92916883,-122.2974304,51,108,83
3,1533,863,561832.8,4198187.1,37.92914653,-122.2964133,65,120,84
3,563,866,561541.8,4198186.2,37.92915817,-122.2997244,62,111,70
3,1507,870,561825,4198185,37.92912813,-122.2965023,53,104,69
3,207,870,561435,4198185,37.92915458,-122.3009397,133,135,112
3,219,872,561438.6,4198184.4,37.92914893,-122.3008988,132,133,107
3,1297,873,561762,4198184.1,37.9291243,-122.2972192,54,101,87
3,1263,874,561751.8,4198183.8,37.92912229,-122.2973352,50,99,91
3,1261,876,561751.2,4198183.2,37.92911693,-122.2973421,57,99,86
3,386,879,561488.7,4198182.3,37.92912661,-122.3003289,105,126,100
3,396,882,561491.7,4198181.4,37.9291183,-122.3002949,105,130,96
3,1327,882,561771,4198181.4,37.92909936,-122.297117,67,120,81
3,1277,884,561756,4198180.8,37.92909497,-122.2972877,55,108,93
3,1537,888,561834,4198179.6,37.92907885,-122.2964003,55,111,76
3,1535,888,561833.4,4198179.6,37.92907889,-122.2964071,54,113,66
3,1537,890,561834,4198179,37.92907345,-122.2964004,58,112,77
3,1503,890,561823.8,4198179,37.92907414,-122.2965164,58,110,85
3,1340,892,561774.9,4198178.4,37.92907206,-122.2970729,56,117,84
3,1267,896,561753,4198177.2,37.92906273,-122.2973222,53,111,83
3,1338,908,561774.3,4198173.6,37.92902884,-122.2970801,62,121,84
3,1340,910,561774.9,4198173,37.92902339,-122.2970733,69,121,102
3,1546,918,561836.7,4198170.6,37.92899756,-122.2963704,63,120,76
3,1407,932,561795,4198166.4,37.92896254,-122.2968452,58,107,86
3,1393,963,561790.8,4198157.1,37.92887901,-122.2968938,66,103,95
3,1580,963,561846.9,4198157.1,37.9288752,-122.2962555,54,106,78
3,1393,965,561790.8,4198156.5,37.92887361,-122.2968938,70,105,80
3,1393,967,561790.8,4198155.9,37.9288682,-122.2968939,69,117,90
3,1598,971,561852.3,4198154.7,37.9288532,-122.2961942,55,106,75
3,1413,979,561796.8,4198152.3,37.92883535,-122.2968259,61,117,84
3,1443,993,561805.8,4198148.1,37.92879688,-122.2967239,61,113,84
3,1615,1026,561857.4,4198138.2,37.92870415,-122.2961376,47,102,68
3,1615,1028,561857.4,4198137.6,37.92869874,-122.2961377,57,107,88
3,1450,1036,561807.9,4198135.2,37.92868048,-122.2967011,62,120,78
3,1452,1036,561808.5,4198135.2,37.92868044,-122.2966943,65,119,84
3,699,1045,561582.6,4198132.5,37.92867144,-122.2992648,107,149,87
3,699,1046,561582.6,4198132.2,37.92866874,-122.2992648,110,148,90
3,748,1051,561597.3,4198130.7,37.92865422,-122.2990977,79,107,71
3,732,1055,561592.5,4198129.5,37.92864373,-122.2991524,99,130,100
3,731,1055,561592.2,4198129.5,37.92864375,-122.2991558,100,135,92
3,822,1059,561619.5,4198128.3,37.92863109,-122.2988453,68,90,59
3,1485,1063,561818.4,4198127.1,37.92860677,-122.2965823,60,105,83
3,824,1069,561620.1,4198125.3,37.92860401,-122.2988387,54,68,54
3,946,1077,561656.7,4198122.9,37.9285799,-122.2984225,107,118,96
3,1627,1093,561861,4198118.1,37.92852276,-122.2960984,57,119,82
3,957,1095,561660,4198117.5,37.92853101,-122.2983854,88,110,63
3,1521,1097,561829.2,4198116.9,37.92851411,-122.2964603,56,101,79
3,1523,1097,561829.8,4198116.9,37.92851407,-122.2964535,53,102,75
3,1525,1097,561830.4,4198116.9,37.92851403,-122.2964467,60,98,90
3,1525,1099,561830.4,4198116.3,37.92850862,-122.2964467,49,104,77
3,716,1114,561587.7,4198111.8,37.92848454,-122.2992085,70,84,76
3,1541,1144,561835.2,4198102.8,37.92838663,-122.2963933,66,111,91
3,557,1161,561540,4198097.7,37.9283607,-122.2997525,67,92,68
3,556,1161,561539.7,4198097.7,37.92836072,-122.2997559,62,92,70
3,548,1164,561537.3,4198096.8,37.92835277,-122.2997833,62,86,61
3,1562,1166,561841.5,4198096.2,37.92832672,-122.2963222,59,115,100
3,775,1181,561605.4,4198091.7,37.92830219,-122.2990089,79,105,76
3,684,1183,561578.1,4198091.1,37.92829864,-122.2993195,82,95,74
3,760,1183,561600.9,4198091.1,37.92829709,-122.2990601,84,101,82
3,1596,1193,561851.7,4198088.1,37.92825302,-122.2962068,64,111,105
3,1596,1195,561851.7,4198087.5,37.92824761,-122.2962068,55,115,80
3,420,1229,561498.9,4198077.3,37.92817963,-122.3002219,86,107,79
3,494,1257,561521.1,4198068.9,37.92810242,-122.29997,82,105,88
3,1391,1347,561790.2,4198041.9,37.92784083,-122.2969105,93,127,75
3,1396,1351,561791.7,4198040.7,37.92782992,-122.2968935,92,122,76
3,1399,1352,561792.6,4198040.4,37.92782715,-122.2968833,79,105,75
4,279,4,561456.6,4198444.8,37.93149452,-122.3006718,150,147,137
4,242,5,561445.5,4198444.5,37.93149257,-122.3007981,163,147,139
4,253,7,561448.8,4198443.9,37.93148694,-122.3007606,164,159,139
4,184,8,561428.1,4198443.6,37.93148563,-122.3009962,155,149,130
4,356,24,561479.7,4198438.8,37.93143889,-122.3004094,162,149,140
4,384,29,561488.1,4198437.3,37.9314248,-122.300314,154,142,128
4,356,30,561479.7,4198437,37.93142266,-122.3004096,168,155,156
4,379,31,561486.6,4198436.7,37.93141949,-122.3003311,164,159,146
4,409,44,561495.6,4198432.8,37.93138374,-122.300229,165,156,149
4,1462,96,561811.5,4198417.2,37.93122171,-122.2966359,141,119,113
4,1442,96,561805.5,4198417.2,37.93122212,-122.2967042,174,158,134
4,453,96,561508.8,4198417.2,37.93124225,-122.3000802,135,137,117
4,546,97,561536.7,4198416.9,37.93123766,-122.2997627,145,140,131
4,547,97,561537,4198416.9,37.93123764,-122.2997593,145,139,124
4,1442,100,561805.5,4198416,37.93121131,-122.2967043,165,150,123
4,1465,101,561812.4,4198415.7,37.93120813,-122.2966258,132,126,107
4,469,106,561513.6,4198414.2,37.93121489,-122.3000258,123,128,116
4,453,108,561508.8,4198413.6,37.93120981,-122.3000805,127,127,108
4,546,108,561536.7,4198413.6,37.93120792,-122.299763,162,151,135
4,1461,117,561811.2,4198410.9,37.93116496,-122.2966399,127,112,107
4,1460,117,561810.9,4198410.9,37.93116498,-122.2966433,123,108,100
4,1458,125,561810.3,4198408.5,37.93114339,-122.2966503,115,105,82
4,1149,152,561717.6,4198400.4,37.93107669,-122.2977058,115,127,116
4,1162,218,561721.5,4198380.6,37.93089798,-122.2976631,130,135,115
4,1161,228,561721.2,4198377.6,37.93087096,-122.2976668,119,135,114
4,1534,238,561833.1,4198374.6,37.93083632,-122.2963938,136,134,114
4,1181,245,561727.2,4198372.5,37.93082459,-122.297599,125,128,111
4,1181,251,561727.2,4198370.7,37.93080837,-122.2975991,127,133,118
4,1529,302,561831.6,4198355.4,37.93066338,-122.2964125,118,116,105
4,208,306,561435.3,4198354.2,37.93067944,-122.3009219,132,132,125
4,214,317,561437.1,4198350.9,37.93064958,-122.3009017,141,148,141
4,1215,322,561737.4,4198349.4,37.93061571,-122.2974849,120,120,106
4,1452,324,561808.5,4198348.8,37.93060547,-122.2966759,141,136,111
4,230,325,561441.9,4198348.5,37.93062763,-122.3008472,147,140,142
4,1453,330,561808.8,4198347,37.93058923,-122.2966727,138,125,111
4,214,333,561437.1,4198346.1,37.93060632,-122.3009021,136,134,125
4,320,343,561468.9,4198343.1,37.93057714,-122.3005405,154,144,131
4,305,347,561464.4,4198341.9,37.93056663,-122.3005918,155,138,127
4,320,361,561468.9,4198337.7,37.93052847,-122.300541,156,150,129
4,236,361,561443.7,4198337.7,37.93053017,-122.3008277,131,128,130
4,1243,367,561745.8,4198335.9,37.93049348,-122.2973905,117,117,98
4,263,369,561451.8,4198335.3,37.930508,-122.3007357,114,114,113
4,326,378,561470.7,4198332.6,37.93048238,-122.3005209,145,140,123
4,1245,378,561746.4,4198332.6,37.9304637,-122.2973839,128,115,106
4,352,394,561478.5,4198327.8,37.9304386,-122.3004326,168,150,144
4,1257,407,561750,4198323.9,37.93038504,-122.2973437,122,119,103
4,448,408,561507.3,4198323.6,37.9303988,-122.3001052,187,162,146
4,1267,429,561753,4198317.3,37.93032536,-122.2973101,138,129,118
4,1640,471,561864.9,4198304.7,37.93020419,-122.296038,142,140,135
4,1542,483,561835.5,4198301.1,37.93017375,-122.2963728,145,142,124
4,1573,485,561844.8,4198300.5,37.93016771,-122.2962671,116,113,108
4,1560,498,561840.9,4198296.6,37.93013283,-122.2963118,117,101,102
4,1584,502,561848.1,4198295.4,37.93012152,-122.2962299,105,91,97
4,1660,503,561870.9,4198295.1,37.93011727,-122.2959705,172,165,154
4,1560,508,561840.9,4198293.6,37.93010579,-122.296312,114,97,101
4,1656,509,561869.7,4198293.3,37.93010113,-122.2959844,167,162,146
4,1550,516,561837.9,4198291.2,37.93008436,-122.2963464,103,96,103
4,1641,520,561865.2,4198290,37.93007169,-122.2960358,106,94,92
4,1632,527,561862.5,4198287.9,37.93005295,-122.2960667,120,102,108
4,1631,528,561862.2,4198287.6,37.93005027,-122.2960702,122,112,104
4,1572,534,561844.5,4198285.8,37.93003525,-122.2962717,126,118,104
4,1623,547,561859.8,4198281.9,37.92999906,-122.296098,132,127,115
4,1648,563,561867.3,4198277.1,37.92995529,-122.2960131,148,152,129
4,1648,571,561867.3,4198274.7,37.92993366,-122.2960133,138,134,120
4,1594,583,561851.1,4198271.1,37.92990232,-122.2961979,121,110,107
4,1060,612,561690.9,4198262.4,37.9298348,-122.2980214,240,227,213
4,1420,615,561798.9,4198261.5,37.92981935,-122.2967927,142,131,124
4,1409,617,561795.6,4198260.9,37.92981417,-122.2968303,135,127,122
4,1064,620,561692.1,4198260,37.92981309,-122.298008,242,228,215
4,1617,626,561858,4198258.2,37.92978559,-122.2961205,130,121,110
4,1062,628,561691.5,4198257.6,37.9297915,-122.298015,239,225,213
4,1421,632,561799.2,4198256.4,37.92977337,-122.2967897,122,117,112
4,1453,637,561808.8,4198254.9,37.9297592,-122.2966806,125,121,113
4,955,650,561659.4,4198251,37.9297342,-122.2983808,239,226,212
4,948,652,561657.3,4198250.4,37.92972893,-122.2984048,232,218,205
4,1460,652,561810.9,4198250.4,37.9297185,-122.2966571,112,116,103
4,956,655,561659.7,4198249.5,37.92972066,-122.2983775,236,220,208
4,1472,676,561814.5,4198243.2,37.92965336,-122.2966167,97,92,92
4,1379,695,561786.6,4198237.5,37.92960389,-122.2969347,141,136,119
4,1499,703,561822.6,4198235.1,37.92957981,-122.2965253,117,119,106
4,1525,715,561830.4,4198231.5,37.92954684,-122.2964368,122,109,106
4,940,782,561654.9,4198211.4,37.92937761,-122.2984354,205,187,168
4,943,792,561655.8,4198208.4,37.92935052,-122.2984254,185,159,152
4,947,797,561657,4198206.9,37.92933692,-122.2984119,198,178,157
4,1373,800,561784.8,4198206,37.92932013,-122.2969579,136,127,112
4,1570,805,561843.9,4198204.5,37.92930259,-122.2962855,119,113,106
4,1568,805,561843.3,4198204.5,37.92930263,-122.2962924,122,110,100
4,1570,807,561843.9,4198203.9,37.92929718,-122.2962856,117,113,99
4,921,811,561649.2,4198202.7,37.92929959,-122.298501,201,174,154
4,967,820,561663,4198200,37.92927432,-122.2983442,174,155,147
4,1584,821,561848.1,4198199.7,37.92925904,-122.2962382,121,108,96
4,1596,829,561851.7,4198197.3,37.92923717,-122.2961974,118,106,96
4,972,841,561664.5,4198193.7,37.92921744,-122.2983277,142,129,129
4,1580,843,561846.9,4198193.1,37.92919964,-122.2962524,111,101,95
4,1578,843,561846.3,4198193.1,37.92919968,-122.2962592,112,102,94
4,1600,845,561852.9,4198192.5,37.92919383,-122.2961842,113,106,94
4,1631,908,561862.2,4198173.6,37.92902286,-122.29608,124,118,118
4,1657,933,561870,4198166.1,37.92895474,-122.2959919,136,127,113
4,52,960,561388.5,4198158,37.92891439,-122.3014711,221,211,197
4,52,961,561388.5,4198157.7,37.92891168,-122.3014711,224,213,201
4,223,969,561439.8,4198155.3,37.92888659,-122.3008876,209,194,189
4,59,971,561390.6,4198154.7,37.9288845,-122.3014475,230,215,204
4,43,975,561385.8,4198153.5,37.92887401,-122.3015022,224,211,199
4,53,977,561388.8,4198152.9,37.9288684,-122.3014681,232,216,204
4,51,977,561388.2,4198152.9,37.92886844,-122.3014749,230,212,202
4,59,1036,561390.6,4198135.2,37.92870876,-122.3014491,209,190,173
4,857,1041,561630,4198133.7,37.92867904,-122.2987254,172,160,139
4,840,1043,561624.9,4198133.1,37.92867398,-122.2987835,184,169,163
4,849,1051,561627.6,4198130.7,37.92865217,-122.2987529,194,179,163
4,848,1051,561627.3,4198130.7,37.92865219,-122.2987564,194,179,169
4,865,1064,561632.4,4198126.8,37.9286167,-122.2986987,153,146,148
4,882,1074,561637.5,4198123.8,37.92858931,-122.2986409,177,178,163
4,925,1075,561650.4,4198123.5,37.92858573,-122.2984941,170,159,149
4,925,1076,561650.4,4198123.2,37.92858303,-122.2984942,172,168,157
4,909,1080,561645.6,4198122,37.92857254,-122.2985489,167,150,141
4,920,1088,561648.9,4198119.6,37.92855069,-122.2985115,153,139,140
4,919,1089,561648.6,4198119.3,37.928548,-122.298515,144,136,137
4,1021,1142,561679.2,4198103.4,37.92840263,-122.2981682,165,146,141
4,1019,1142,561678.6,4198103.4,37.92840267,-122.298175,168,164,144
4,1056,1144,561689.7,4198102.8,37.92839651,-122.2980488,176,171,155
4,1088,1156,561699.3,4198099.2,37.92836342,-122.2979398,175,156,145
4,1080,1168,561696.9,4198095.6,37.92833114,-122.2979675,188,178,160
4,1060,1175,561690.9,4198093.5,37.92831262,-122.2980359,166,159,141
4,1113,1185,561706.8,4198090.5,37.9282845,-122.2978552,161,158,145
4,1100,1193,561702.9,4198088.1,37.92826314,-122.2978998,170,161,145
4,1100,1205,561702.9,4198084.5,37.92823069,-122.2979001,162,143,132
4,1133,1213,561712.8,4198082.1,37.92820839,-122.2977877,158,130,136
4,92,1216,561400.5,4198081.2,37.92822143,-122.3013411,166,146,143
4,161,1237,561421.2,4198074.9,37.92816325,-122.3011061,134,114,119
4,147,1238,561417,4198074.6,37.92816083,-122.3011539,135,121,120
4,1167,1238,561723,4198074.6,37.9281401,-122.2976723,169,154,144
4,1133,1246,561712.8,4198072.2,37.92811917,-122.2977886,167,154,147
4,1131,1248,561712.2,4198071.6,37.9281138,-122.2977954,147,138,134
4,1171,1260,561724.2,4198068,37.92808054,-122.2976592,182,165,148
4,1188,1276,561729.3,4198063.2,37.92803694,-122.2976016,182,172,154
4,1165,1282,561722.4,4198061.4,37.92802118,-122.2976802,196,180,161
4,1216,1284,561737.7,4198060.8,37.92801474,-122.2975062,128,134,113
4,1216,1286,561737.7,4198060.2,37.92800933,-122.2975063,134,134,119
4,19,1292,561378.6,4198058.4,37.92801743,-122.3015922,83,84,74
4,21,1294,561379.2,4198057.8,37.92801198,-122.3015855,70,76,77
4,1196,1307,561731.7,4198053.9,37.92795296,-122.2975751,193,171,164
4,1194,1307,561731.1,4198053.9,37.927953,-122.2975819,205,191,163
4,1192,1309,561730.5,4198053.3,37.92794763,-122.2975888,208,191,165
4,25,1329,561380.4,4198047.3,37.92791727,-122.3015727,141,136,126
4,1253,1353,561748.8,4198040.1,37.92782743,-122.2973817,184,169,148
4,922,1362,561649.5,4198037.4,37.92780983,-122.2985118,181,160,147
4,914,1368,561647.1,4198035.6,37.92779377,-122.2985392,207,190,171
4,27,1374,561381,4198033.8,37.92779556,-122.301567,117,111,109
4,923,1374,561649.8,4198033.8,37.92777737,-122.2985086,198,183,164
4,27,1376,561381,4198033.2,37.92779015,-122.3015671,130,126,119
4,1241,1380,561745.2,4198032,37.92775467,-122.2974234,173,163,144
4,920,1382,561648.9,4198031.4,37.9277558,-122.2985191,198,180,159
4,928,1384,561651.3,4198030.8,37.92775023,-122.2984918,209,194,174
4,929,1384,561651.6,4198030.8,37.92775021,-122.2984884,209,194,175
4,1259,1394,561750.6,4198027.8,37.92771645,-122.2973623,174,159,135
4,1281,1410,561757.2,4198023,37.92767274,-122.2972876,147,144,127
4,27,1412,561381,4198022.4,37.92769282,-122.301568,156,131,125
4,1245,1414,561746.4,4198021.8,37.92766266,-122.2974106,152,150,137
4,1243,1421,561745.8,4198019.7,37.92764378,-122.2974176,153,139,134
4,1277,1427,561756,4198017.9,37.92762686,-122.2973017,147,142,121
4,47,1431,561387,4198016.7,37.92764104,-122.3015002,146,132,119
4,1285,1435,561758.4,4198015.5,37.92760507,-122.2972746,130,118,111
4,11,1437,561376.2,4198014.9,37.92762555,-122.3016232,166,161,130
4,35,1443,561383.4,4198013.1,37.92760884,-122.3015415,161,144,133
4,33,1443,561382.8,4198013.1,37.92760888,-122.3015483,160,145,131
4,289,1443,561459.6,4198013.1,37.92760369,-122.3006745,189,178,147
4,273,1449,561454.8,4198011.3,37.9275878,-122.3007293,188,177,161
4,1257,1451,561750,4198010.7,37.92756238,-122.2973706,130,126,113
4,1275,1455,561755.4,4198009.5,37.9275512,-122.2973092,120,109,98
4,1010,1456,561675.9,4198009.2,37.92755389,-122.2982138,192,168,138
4,1273,1457,561754.8,4198008.9,37.92754583,-122.2973161,118,110,103
4,1018,1461,561678.3,4198007.7,37.92754021,-122.2981866,178,170,145
4,995,1465,561671.4,4198006.5,37.92752987,-122.2982652,169,159,136
4,1011,1466,561676.2,4198006.2,37.92752684,-122.2982106,180,171,154
4,271,1467,561454.2,4198005.9,37.92753917,-122.3007365,187,174,152
4,1002,1473,561673.5,4198004.1,37.92750809,-122.2982415,174,158,133
4,1007,1481,561675,4198001.7,37.92748636,-122.2982247,166,156,141
4,271,1490,561454.2,4197999,37.92747699,-122.3007371,163,139,131
4,389,1500,561489.6,4197996,37.92744755,-122.3003346,133,122,115
4,438,1514,561504.3,4197991.8,37.92740871,-122.3001677,199,187,169
4,619,1561,561558.6,4197977.7,37.92727796,-122.2995511,136,129,122
4,616,1563,561557.7,4197977.1,37.92727261,-122.2995614,153,151,135
4,635,1587,561563.4,4197969.9,37.92720734,-122.2994972,151,147,126
4,104,1591,561404.1,4197968.7,37.9272073,-122.3013097,173,158,148
4,645,1599,561566.4,4197966.3,37.92717469,-122.2994633,172,158,140
4,127,1603,561411,4197965.1,37.92717439,-122.3012315,142,136,133
4,633,1610,561562.8,4197963,37.92714519,-122.2995046,189,185,157
4,655,1620,561569.4,4197960,37.92711771,-122.2994297,175,164,145
4,655,1622,561569.4,4197959.4,37.9271123,-122.2994298,160,163,144
4,120,1622,561408.9,4197959.4,37.92712316,-122.3012559,144,144,136
4,120,1624,561408.9,4197958.8,37.92711775,-122.301256,141,144,130
4,84,1636,561398.1,4197955.2,37.92708604,-122.3013792,127,113,119
4,677,1648,561576,4197951.6,37.92704156,-122.2993554,167,150,143
4,127,1648,561411,4197951.6,37.92705272,-122.3012327,176,168,162
4,675,1648,561575.4,4197951.6,37.9270416,-122.2993622,173,159,140
4,677,1650,561576,4197951,37.92703615,-122.2993554,170,158,143
4,57,1656,561390,4197949.2,37.92703251,-122.3014718,145,137,122
4,53,1656,561388.8,4197949.2,37.92703259,-122.3014855,154,130,123
4,55,1656,561389.4,4197949.2,37.92703255,-122.3014787,167,152,138
4,118,1658,561408.3,4197948.6,37.92702587,-122.3012637,164,159,151
5,196,8,561431.7,4198443.6,37.93148539,-122.3009552,36,39,67
5,513,54,561526.8,4198429.8,37.93135459,-122.2998743,31,36,52
5,474,62,561515.1,4198427.4,37.93133375,-122.3000076,40,44,48
5,516,67,561527.7,4198425.9,37.93131938,-122.2998644,32,32,46
5,965,116,561662.4,4198411.2,37.93117777,-122.298333,21,28,29
5,85,141,561398.4,4198403.7,37.93112805,-122.3013375,24,37,49
5,980,142,561666.9,4198403.4,37.93110717,-122.2982824,24,23,30
5,689,151,561579.6,4198400.7,37.93108875,-122.299276,22,29,36
5,70,152,561393.9,4198400.4,37.93109861,-122.301389,18,33,51
5,87,155,561399,4198399.5,37.93109016,-122.301331,25,26,57
5,671,156,561574.2,4198399.2,37.9310756,-122.2993376,19,27,24
5,575,160,561545.4,4198398,37.93106674,-122.2996654,19,29,32
5,573,168,561544.8,4198395.6,37.93104515,-122.2996724,26,34,36
5,989,168,561669.6,4198395.6,37.93103669,-122.2982524,21,30,22
5,1459,199,561810.6,4198386.3,37.93094329,-122.2966488,24,24,19
5,1481,205,561817.2,4198384.5,37.93092662,-122.2965739,19,23,30
5,402,212,561493.5,4198382.4,37.93092966,-122.3002572,25,31,24
5,214,215,561437.1,4198381.5,37.93092536,-122.300899,25,31,37
5,213,215,561436.8,4198381.5,37.93092538,-122.3009025,18,32,28
5,199,217,561432.6,4198380.9,37.93092026,-122.3009503,20,27,28
5,660,221,561570.9,4198379.7,37.93090008,-122.2993768,20,24,31
5,228,224,561441.3,4198378.8,37.93090074,-122.3008515,21,23,40
5,375,225,561485.4,4198378.5,37.93089506,-122.3003497,22,33,34
5,393,229,561490.8,4198377.3,37.93088388,-122.3002884,19,22,24
5,654,229,561569.1,4198377.3,37.93087858,-122.2993975,31,25,34
5,1016,235,561677.7,4198375.5,37.93085499,-122.2981619,21,28,33
5,1015,236,561677.4,4198375.2,37.93085231,-122.2981654,22,30,24
5,370,240,561483.9,4198374,37.9308546,-122.3003672,17,30,46
5,1543,252,561835.8,4198370.4,37.93079828,-122.2963635,25,25,28
5,1548,265,561837.3,4198366.5,37.93076303,-122.2963467,30,28,27
5,322,267,561469.5,4198365.9,37.93078258,-122.3005317,23,29,38
5,724,270,561590.1,4198365,37.9307663,-122.2991596,18,24,35
5,319,272,561468.6,4198364.4,37.93076912,-122.3005421,21,28,36
5,742,276,561595.5,4198363.2,37.93074971,-122.2990983,24,23,26
5,1648,284,561867.3,4198360.8,37.93070962,-122.2960059,25,31,33
5,1037,286,561684,4198360.2,37.93071667,-122.2980916,14,24,41
5,1045,290,561686.4,4198359,37.9307057,-122.2980644,19,27,27
5,507,293,561525,4198358.1,37.93070852,-122.2999009,17,31,30
5,522,296,561529.5,4198357.2,37.93070011,-122.2998498,24,32,30
5,509,307,561525.6,4198353.9,37.93067063,-122.2998944,21,27,28
5,527,315,561531,4198351.5,37.93064864,-122.2998332,18,25,24
5,1580,316,561846.9,4198351.2,37.93062449,-122.2962388,31,25,35
5,279,328,561456.6,4198347.6,37.93061852,-122.3006801,95,100,93
5,341,335,561475.2,4198345.5,37.93059834,-122.3004686,36,34,41
5,544,339,561536.1,4198344.3,37.9305834,-122.2997758,24,26,16
5,1062,340,561691.5,4198344,37.93057016,-122.2980076,20,27,32
5,308,381,561465.3,4198331.7,37.93047464,-122.3005824,34,41,57
5,1124,382,561710.1,4198331.4,37.93045535,-122.2977971,20,27,39
5,294,389,561461.1,4198329.3,37.93045329,-122.3006304,33,39,38
5,1112,400,561706.5,4198326,37.93040692,-122.2978385,18,29,22
5,338,409,561474.3,4198323.3,37.93039833,-122.3004807,43,56,54
5,663,412,561571.8,4198322.4,37.93038362,-122.2993714,21,22,20
5,1108,423,561705.3,4198319.1,37.93034482,-122.2978527,18,22,40
5,651,423,561568.2,4198319.1,37.93035412,-122.2994127,21,25,26
5,1137,424,561714,4198318.8,37.93034153,-122.2977538,20,36,48
5,1143,426,561715.8,4198318.2,37.930336,-122.2977333,15,31,27
5,661,427,561571.2,4198317.9,37.9303431,-122.2993786,26,27,28
5,352,432,561478.5,4198316.4,37.93033586,-122.3004335,29,30,41
5,1117,437,561708,4198314.9,37.93030679,-122.2978224,21,30,34
5,997,447,561672,4198311.9,37.93028219,-122.2982322,24,21,44
5,1331,463,561772.2,4198307.1,37.93023213,-122.2970925,20,17,39
5,1121,464,561709.2,4198306.8,37.9302337,-122.2978094,19,24,29
5,699,464,561582.6,4198306.8,37.93024229,-122.2992499,24,25,21
5,1320,464,561768.9,4198306.8,37.93022965,-122.2971301,21,30,42
5,674,464,561575.1,4198306.8,37.9302428,-122.2993352,20,32,24
5,985,467,561668.4,4198305.9,37.93022836,-122.2982737,22,25,52
5,995,477,561671.4,4198302.9,37.93020112,-122.2982398,17,23,49
5,1318,483,561768.3,4198301.1,37.93017832,-122.2971374,29,29,27
5,1170,490,561723.9,4198299,37.93016241,-122.2976428,16,32,29
5,1157,500,561720,4198296,37.93013564,-122.2976874,18,24,32
5,1166,511,561722.7,4198292.7,37.93010571,-122.297657,21,22,35
5,1200,512,561732.9,4198292.4,37.93010232,-122.297541,16,22,32
5,1165,512,561722.4,4198292.4,37.93010303,-122.2976604,19,21,26
5,1523,542,561829.8,4198283.4,37.93001462,-122.2964392,30,31,48
5,1183,553,561727.8,4198280.1,37.92999181,-122.2976001,22,28,31
5,1504,559,561824.1,4198278.3,37.92996904,-122.2965045,35,30,46
5,848,564,561627.3,4198276.8,37.92996889,-122.2987438,24,24,27
5,833,566,561622.8,4198276.2,37.92996379,-122.2987951,27,25,44
5,839,578,561624.6,4198272.6,37.92993122,-122.2987749,21,24,33
5,838,578,561624.3,4198272.6,37.92993124,-122.2987783,23,22,32
5,1527,578,561831,4198272.6,37.9299172,-122.2964265,32,28,42
5,869,582,561633.6,4198271.4,37.9299198,-122.2986726,24,29,26
5,829,587,561621.6,4198269.9,37.92990709,-122.2988093,26,24,35
5,1567,596,561843,4198267.2,37.92986772,-122.2962904,24,25,36
5,1532,596,561832.5,4198267.2,37.92986844,-122.2964099,41,44,57
5,942,668,561655.5,4198245.6,37.92968579,-122.2984257,45,49,86
5,961,681,561661.2,4198241.7,37.92965026,-122.2983611,29,31,45
5,971,684,561664.2,4198240.8,37.92964194,-122.2983271,20,32,32
5,14,697,561377.1,4198236.9,37.92962623,-122.3015941,34,36,46
5,11,707,561376.2,4198233.9,37.92959925,-122.3016046,36,35,51
5,566,719,561542.7,4198230.3,37.92955555,-122.2997104,38,40,66
5,406,735,561494.7,4198225.5,37.92951554,-122.300257,27,35,38
5,389,740,561489.6,4198224,37.92950237,-122.3003151,31,38,44
5,1026,747,561680.7,4198221.9,37.92947049,-122.298141,19,32,38
5,1011,749,561676.2,4198221.3,37.92946539,-122.2981922,25,38,44
5,627,750,561561,4198221,37.9294705,-122.299503,50,57,83
5,343,755,561475.8,4198219.5,37.92946274,-122.3004725,33,43,63
5,38,785,561384.3,4198210.5,37.92938782,-122.3015144,32,30,46
5,55,791,561389.4,4198208.7,37.92937125,-122.3014565,31,41,55
5,723,795,561589.8,4198207.5,37.92934688,-122.2991765,52,44,86
5,775,802,561605.4,4198205.4,37.9293269,-122.2989991,37,36,50
5,759,809,561600.6,4198203.3,37.9293083,-122.2990539,36,42,58
5,614,849,561557.1,4198191.3,37.92920309,-122.2995499,29,37,49
5,599,857,561552.6,4198188.9,37.92918177,-122.2996013,39,37,38
5,453,869,561508.8,4198185.3,37.92915229,-122.3001,32,33,35
5,615,876,561557.4,4198183.2,37.92913007,-122.2995472,32,32,41
5,443,879,561505.8,4198182.3,37.92912546,-122.3001344,23,25,28
5,445,879,561506.4,4198182.3,37.92912542,-122.3001275,28,25,15
5,444,879,561506.1,4198182.3,37.92912544,-122.300131,25,29,24
5,645,888,561566.4,4198179.6,37.92909702,-122.2994451,33,31,52
5,425,891,561500.4,4198178.7,37.92909338,-122.3001961,33,29,27
5,1366,1016,561782.7,4198141.2,37.92873627,-122.2969873,22,33,38
5,339,1028,561474.6,4198137.6,37.92872472,-122.3004932,24,31,40
5,473,1034,561514.8,4198135.8,37.92870577,-122.3000359,35,41,49
5,1377,1034,561786,4198135.8,37.92868738,-122.2969502,20,26,42
5,311,1035,561466.2,4198135.5,37.92870636,-122.3005889,34,37,62
5,349,1035,561477.6,4198135.5,37.92870559,-122.3004592,29,28,45
5,350,1035,561477.9,4198135.5,37.92870557,-122.3004558,28,34,51
5,402,1036,561493.5,4198135.2,37.92870181,-122.3002783,38,32,58
5,488,1037,561519.3,4198134.9,37.92869736,-122.2999848,35,41,56
5,488,1038,561519.3,4198134.6,37.92869465,-122.2999848,39,33,63
5,378,1040,561486.3,4198134,37.92869148,-122.3003604,27,31,37
5,362,1040,561481.5,4198134,37.9286918,-122.300415,25,30,55
5,496,1041,561521.7,4198133.7,37.92868638,-122.2999576,39,34,54
5,405,1042,561494.4,4198133.4,37.92868552,-122.3002683,29,36,49
5,383,1045,561487.8,4198132.5,37.92867786,-122.3003434,29,28,56
5,303,1051,561463.8,4198130.7,37.92866326,-122.3006167,29,26,56
5,304,1051,561464.1,4198130.7,37.92866324,-122.3006132,31,34,51
5,280,1053,561456.9,4198130.1,37.92865832,-122.3006952,32,30,53
5,1383,1054,561787.8,4198129.8,37.92863318,-122.2969303,24,27,38
5,282,1060,561457.5,4198128,37.92863935,-122.3006886,27,34,31
5,270,1062,561453.9,4198127.4,37.92863419,-122.3007296,33,30,41
5,1390,1069,561789.9,4198125.3,37.92859248,-122.2969068,26,25,43
5,262,1073,561451.5,4198124.1,37.92860461,-122.3007572,31,36,37
5,1410,1086,561795.9,4198120.2,37.92854611,-122.2968389,23,30,38
5,43,1087,561385.8,4198119.9,37.9285712,-122.3015051,31,37,37
5,1435,1088,561803.4,4198119.6,37.9285402,-122.2967536,24,32,44
5,234,1122,561443.1,4198109.4,37.9284727,-122.300854,34,28,53
5,227,1128,561441,4198107.6,37.92845662,-122.300878,35,37,57
5,220,1139,561438.9,4198104.3,37.92842702,-122.3009022,40,43,70
5,1473,1151,561814.8,4198100.7,37.92836909,-122.2966256,26,30,32
5,211,1163,561436.2,4198097.1,37.92836231,-122.3009336,29,38,41
5,205,1181,561434.4,4198091.7,37.92831377,-122.3009545,32,38,51
5,192,1210,561430.5,4198083,37.92823562,-122.3009996,34,45,57
5,1573,1251,561844.8,4198070.7,37.92809668,-122.2962868,23,22,42
5,1554,1253,561839.1,4198070.1,37.92809166,-122.2963517,24,32,37
5,1566,1281,561842.7,4198061.7,37.92801571,-122.2963115,24,28,48
5,1612,1286,561856.5,4198060.2,37.92800125,-122.2961546,20,28,36
5,442,1286,561505.5,4198060.2,37.92802507,-122.3001482,61,61,93
5,1595,1288,561851.4,4198059.6,37.92799619,-122.2962127,17,26,43
5,1482,1292,561817.5,4198058.4,37.92798768,-122.2965985,27,17,33
5,469,1294,561513.6,4198057.8,37.92800289,-122.3000563,66,69,93
5,635,1300,561563.4,4198056,37.9279833,-122.2994898,39,36,71
5,501,1301,561523.2,4198055.7,37.92798332,-122.2999472,51,54,78
5,1481,1305,561817.2,4198054.5,37.92795255,-122.2966022,21,22,43
5,642,1308,561565.5,4198053.6,37.92796153,-122.2994661,33,36,68
5,385,1312,561488.4,4198052.4,37.92795593,-122.3003434,48,55,85
5,389,1314,561489.6,4198051.8,37.92795044,-122.3003298,46,52,92
5,354,1315,561479.1,4198051.5,37.92794845,-122.3004493,48,43,59
5,544,1317,561536.1,4198050.9,37.92793918,-122.2998008,79,64,103
5,1502,1317,561823.5,4198050.9,37.92791968,-122.2965308,32,41,59
5,548,1320,561537.3,4198050,37.92793099,-122.2997873,54,57,68
5,327,1322,561471,4198049.4,37.92793007,-122.3005417,33,35,67
5,614,1328,561557.1,4198047.6,37.92790802,-122.2995622,33,53,74
5,615,1328,561557.4,4198047.6,37.927908,-122.2995588,42,51,75
5,614,1329,561557.1,4198047.3,37.92790532,-122.2995622,43,60,65
5,317,1330,561468,4198047,37.92790864,-122.300576,24,26,28
5,316,1331,561467.7,4198046.7,37.92790596,-122.3005795,26,29,36
5,262,1332,561451.5,4198046.4,37.92790435,-122.3007638,34,32,38
5,305,1332,561464.4,4198046.4,37.92790348,-122.300617,25,30,36
5,608,1333,561555.3,4198046.1,37.92789463,-122.2995828,38,49,61
5,203,1338,561433.8,4198044.6,37.92788933,-122.3009653,34,29,60
5,205,1344,561434.4,4198042.8,37.92787306,-122.3009587,34,34,52
5,214,1353,561437.1,4198040.1,37.92784855,-122.3009282,38,35,55
5,706,1389,561584.7,4198029.3,37.92774123,-122.2992497,37,37,57
5,727,1390,561591,4198029,37.9277381,-122.2991781,37,43,50
5,566,1394,561542.7,4198027.8,37.92773055,-122.2997277,69,64,95
5,673,1400,561574.8,4198026,37.92771216,-122.2993627,33,43,67
5,1494,1415,561821.1,4198021.5,37.92765488,-122.2965607,19,32,29
5,662,1417,561571.5,4198020.9,37.92766642,-122.2994006,38,35,59
5,637,1421,561564,4198019.7,37.92765611,-122.2994861,44,50,82
5,1490,1422,561819.9,4198019.4,37.92763604,-122.2965745,23,31,21
5,637,1433,561564,4198016.1,37.92762367,-122.2994864,33,46,61
5,1346,1439,561776.7,4198014.3,37.92759301,-122.2970665,32,29,32
5,1326,1439,561770.7,4198014.3,37.92759342,-122.2971347,34,29,41
5,93,1440,561400.8,4198014,37.92761578,-122.3013434,31,37,65
5,92,1449,561400.5,4198011.3,37.92759147,-122.3013471,33,38,43
5,88,1457,561399.3,4198008.9,37.92756992,-122.3013609,35,36,41
5,1592,1467,561850.5,4198005.9,37.92751229,-122.2962275,26,25,46
5,1582,1475,561847.5,4198003.5,37.92749086,-122.2962618,27,38,63
5,1590,1482,561849.9,4198001.4,37.92747178,-122.2962347,35,31,46
5,1585,1490,561848.4,4197999,37.92745025,-122.296252,30,27,54
5,244,1499,561446.1,4197996.3,37.9274532,-122.3008295,62,55,67
5,176,1500,561425.7,4197996,37.92745187,-122.3010617,27,32,42
5,173,1506,561424.8,4197994.2,37.92743571,-122.301072,27,29,47
5,1275,1514,561755.4,4197991.8,37.92739168,-122.2973107,34,34,31
5,451,1527,561508.2,4197987.9,37.9273733,-122.3001237,28,30,36
5,1284,1528,561758.1,4197987.6,37.92735365,-122.2972804,35,38,48
5,1260,1529,561750.9,4197987.3,37.92735143,-122.2973623,30,32,34
5,447,1532,561507,4197986.4,37.92735986,-122.3001375,24,24,41
